epoch,datetime,symbol,price
1774361706,2026-03-24T11:15:06,R_75,33229.9622
1774361708,2026-03-24T11:15:08,R_75,33231.0083
1774361710,2026-03-24T11:15:10,R_75,33239.5699
1774361712,2026-03-24T11:15:12,R_75,33236.9655
1774361714,2026-03-24T11:15:14,R_75,33233.4441
1774361716,2026-03-24T11:15:16,R_75,33236.0652
1774361718,2026-03-24T11:15:18,R_75,33240.8198
1774361720,2026-03-24T11:15:20,R_75,33234.7358
1774361722,2026-03-24T11:15:22,R_75,33231.5982
1774361724,2026-03-24T11:15:24,R_75,33221.7551
1774361726,2026-03-24T11:15:26,R_75,33212.2096
1774361728,2026-03-24T11:15:28,R_75,33214.0586
1774361730,2026-03-24T11:15:30,R_75,33214.641
1774361732,2026-03-24T11:15:32,R_75,33202.0409
1774361734,2026-03-24T11:15:34,R_75,33191.015
1774361736,2026-03-24T11:15:36,R_75,33198.2624
1774361738,2026-03-24T11:15:38,R_75,33189.0639
1774361740,2026-03-24T11:15:40,R_75,33184.7211
1774361742,2026-03-24T11:15:42,R_75,33182.9908
1774361744,2026-03-24T11:15:44,R_75,33177.43
1774361746,2026-03-24T11:15:46,R_75,33183.8216
1774361748,2026-03-24T11:15:48,R_75,33192.7722
1774361750,2026-03-24T11:15:50,R_75,33184.7175
1774361752,2026-03-24T11:15:52,R_75,33182.4409
1774361754,2026-03-24T11:15:54,R_75,33188.1102
1774361756,2026-03-24T11:15:56,R_75,33185.6143
1774361758,2026-03-24T11:15:58,R_75,33186.2847
1774361760,2026-03-24T11:16:00,R_75,33178.4237
1774361762,2026-03-24T11:16:02,R_75,33172.5058
1774361764,2026-03-24T11:16:04,R_75,33174.8506
1774361766,2026-03-24T11:16:06,R_75,33181.1108
1774361768,2026-03-24T11:16:08,R_75,33189.402
1774361770,2026-03-24T11:16:10,R_75,33199.406
1774361772,2026-03-24T11:16:12,R_75,33190.4451
1774361774,2026-03-24T11:16:14,R_75,33198.0734
1774361776,2026-03-24T11:16:16,R_75,33200.9179
1774361778,2026-03-24T11:16:18,R_75,33200.351
1774361780,2026-03-24T11:16:20,R_75,33202.5623
1774361782,2026-03-24T11:16:22,R_75,33201.4436
1774361784,2026-03-24T11:16:24,R_75,33205.0168
1774361786,2026-03-24T11:16:26,R_75,33208.5251
1774361788,2026-03-24T11:16:28,R_75,33201.1557
1774361790,2026-03-24T11:16:30,R_75,33199.0085
1774361792,2026-03-24T11:16:32,R_75,33196.2847
1774361794,2026-03-24T11:16:34,R_75,33190.942
1774361796,2026-03-24T11:16:36,R_75,33195.6281
1774361798,2026-03-24T11:16:38,R_75,33196.2974
1774361800,2026-03-24T11:16:40,R_75,33189.5537
1774361802,2026-03-24T11:16:42,R_75,33197.819
1774361804,2026-03-24T11:16:44,R_75,33197.8694
1774361806,2026-03-24T11:16:46,R_75,33197.1082
1774361808,2026-03-24T11:16:48,R_75,33213.5695
1774361810,2026-03-24T11:16:50,R_75,33212.5029
1774361812,2026-03-24T11:16:52,R_75,33218.4993
1774361814,2026-03-24T11:16:54,R_75,33215.7548
1774361816,2026-03-24T11:16:56,R_75,33218.037
1774361818,2026-03-24T11:16:58,R_75,33223.4131
1774361820,2026-03-24T11:17:00,R_75,33227.1252
1774361822,2026-03-24T11:17:02,R_75,33223.7272
1774361824,2026-03-24T11:17:04,R_75,33230.0237
1774361826,2026-03-24T11:17:06,R_75,33238.2546
1774361828,2026-03-24T11:17:08,R_75,33237.8124
1774361830,2026-03-24T11:17:10,R_75,33249.126
1774361832,2026-03-24T11:17:12,R_75,33246.0428
1774361834,2026-03-24T11:17:14,R_75,33245.9954
1774361836,2026-03-24T11:17:16,R_75,33248.2867
1774361838,2026-03-24T11:17:18,R_75,33251.975
1774361840,2026-03-24T11:17:20,R_75,33248.0156
1774361842,2026-03-24T11:17:22,R_75,33251.4092
1774361844,2026-03-24T11:17:24,R_75,33265.843
1774361846,2026-03-24T11:17:26,R_75,33255.3341
1774361848,2026-03-24T11:17:28,R_75,33251.6704
1774361850,2026-03-24T11:17:30,R_75,33245.0372
1774361852,2026-03-24T11:17:32,R_75,33239.8429
1774361854,2026-03-24T11:17:34,R_75,33246.0277
1774361856,2026-03-24T11:17:36,R_75,33247.5325
1774361858,2026-03-24T11:17:38,R_75,33250.33
1774361860,2026-03-24T11:17:40,R_75,33245.2269
1774361862,2026-03-24T11:17:42,R_75,33237.1797
1774361864,2026-03-24T11:17:44,R_75,33241.7551
1774361866,2026-03-24T11:17:46,R_75,33232.2279
1774361868,2026-03-24T11:17:48,R_75,33233.5164
1774361870,2026-03-24T11:17:50,R_75,33236.5068
1774361872,2026-03-24T11:17:52,R_75,33239.5996
1774361874,2026-03-24T11:17:54,R_75,33247.146
1774361876,2026-03-24T11:17:56,R_75,33241.7598
1774361878,2026-03-24T11:17:58,R_75,33244.1807
1774361880,2026-03-24T11:18:00,R_75,33251.0481
1774361882,2026-03-24T11:18:02,R_75,33248.9827
1774361884,2026-03-24T11:18:04,R_75,33249.7404
1774361886,2026-03-24T11:18:06,R_75,33244.9337
1774361888,2026-03-24T11:18:08,R_75,33249.5207
1774361890,2026-03-24T11:18:10,R_75,33247.5105
1774361892,2026-03-24T11:18:12,R_75,33247.5688
1774361894,2026-03-24T11:18:14,R_75,33252.1105
1774361896,2026-03-24T11:18:16,R_75,33249.0028
1774361898,2026-03-24T11:18:18,R_75,33255.2797
1774361900,2026-03-24T11:18:20,R_75,33253.3052
1774361902,2026-03-24T11:18:22,R_75,33259.7055
1774361904,2026-03-24T11:18:24,R_75,33263.3169
1774361906,2026-03-24T11:18:26,R_75,33261.8293
1774361908,2026-03-24T11:18:28,R_75,33254.0713
1774361910,2026-03-24T11:18:30,R_75,33251.8933
1774361912,2026-03-24T11:18:32,R_75,33232.9899
1774361914,2026-03-24T11:18:34,R_75,33235.0047
1774361916,2026-03-24T11:18:36,R_75,33228.9736
1774361918,2026-03-24T11:18:38,R_75,33218.823
1774361920,2026-03-24T11:18:40,R_75,33228.283
1774361922,2026-03-24T11:18:42,R_75,33222.3443
1774361924,2026-03-24T11:18:44,R_75,33225.999
1774361926,2026-03-24T11:18:46,R_75,33216.4979
1774361928,2026-03-24T11:18:48,R_75,33208.891
1774361930,2026-03-24T11:18:50,R_75,33216.3734
1774361932,2026-03-24T11:18:52,R_75,33220.0047
1774361934,2026-03-24T11:18:54,R_75,33224.9813
1774361936,2026-03-24T11:18:56,R_75,33217.7931
1774361938,2026-03-24T11:18:58,R_75,33207.1591
1774361940,2026-03-24T11:19:00,R_75,33208.8879
1774361942,2026-03-24T11:19:02,R_75,33203.4232
1774361944,2026-03-24T11:19:04,R_75,33200.4677
1774361946,2026-03-24T11:19:06,R_75,33214.1414
1774361948,2026-03-24T11:19:08,R_75,33209.6917
1774361950,2026-03-24T11:19:10,R_75,33202.1256
1774361952,2026-03-24T11:19:12,R_75,33200.6527
1774361954,2026-03-24T11:19:14,R_75,33207.4391
1774361956,2026-03-24T11:19:16,R_75,33205.9468
1774361958,2026-03-24T11:19:18,R_75,33211.265
1774361960,2026-03-24T11:19:20,R_75,33207.1443
1774361962,2026-03-24T11:19:22,R_75,33199.3278
1774361964,2026-03-24T11:19:24,R_75,33200.6541
1774361966,2026-03-24T11:19:26,R_75,33193.6764
1774361968,2026-03-24T11:19:28,R_75,33192.3622
1774361970,2026-03-24T11:19:30,R_75,33189.4347
1774361972,2026-03-24T11:19:32,R_75,33185.8614
1774361974,2026-03-24T11:19:34,R_75,33182.1638
1774361976,2026-03-24T11:19:36,R_75,33165.3385
1774361978,2026-03-24T11:19:38,R_75,33167.3649
1774361980,2026-03-24T11:19:40,R_75,33167.9059
1774361982,2026-03-24T11:19:42,R_75,33168.9607
1774361984,2026-03-24T11:19:44,R_75,33171.7747
1774361986,2026-03-24T11:19:46,R_75,33176.0837
1774361988,2026-03-24T11:19:48,R_75,33177.5329
1774361990,2026-03-24T11:19:50,R_75,33176.8769
1774361992,2026-03-24T11:19:52,R_75,33172.0476
1774361994,2026-03-24T11:19:54,R_75,33180.5778
1774361996,2026-03-24T11:19:56,R_75,33187.8011
1774361998,2026-03-24T11:19:58,R_75,33189.6248
1774362000,2026-03-24T11:20:00,R_75,33191.7966
1774362002,2026-03-24T11:20:02,R_75,33192.8768
1774362004,2026-03-24T11:20:04,R_75,33181.7826
1774362006,2026-03-24T11:20:06,R_75,33173.7895
1774362008,2026-03-24T11:20:08,R_75,33168.5536
1774362010,2026-03-24T11:20:10,R_75,33175.3359
1774362012,2026-03-24T11:20:12,R_75,33175.4817
1774362014,2026-03-24T11:20:14,R_75,33169.6239
1774362016,2026-03-24T11:20:16,R_75,33173.0081
1774362018,2026-03-24T11:20:18,R_75,33179.4193
1774362020,2026-03-24T11:20:20,R_75,33182.2115
1774362022,2026-03-24T11:20:22,R_75,33171.7277
1774362024,2026-03-24T11:20:24,R_75,33175.496
1774362026,2026-03-24T11:20:26,R_75,33170.3177
1774362028,2026-03-24T11:20:28,R_75,33172.4974
1774362030,2026-03-24T11:20:30,R_75,33171.0662
1774362032,2026-03-24T11:20:32,R_75,33184.1209
1774362034,2026-03-24T11:20:34,R_75,33190.0982
1774362036,2026-03-24T11:20:36,R_75,33179.2879
1774362038,2026-03-24T11:20:38,R_75,33184.5349
1774362040,2026-03-24T11:20:40,R_75,33176.4081
1774362042,2026-03-24T11:20:42,R_75,33174.2511
1774362044,2026-03-24T11:20:44,R_75,33169.0902
1774362046,2026-03-24T11:20:46,R_75,33181.8688
1774362048,2026-03-24T11:20:48,R_75,33177.8016
1774362050,2026-03-24T11:20:50,R_75,33171.0617
1774362052,2026-03-24T11:20:52,R_75,33165.9817
1774362054,2026-03-24T11:20:54,R_75,33175.585
1774362056,2026-03-24T11:20:56,R_75,33173.6347
1774362058,2026-03-24T11:20:58,R_75,33164.2145
1774362060,2026-03-24T11:21:00,R_75,33155.8394
1774362062,2026-03-24T11:21:02,R_75,33144.0784
1774362064,2026-03-24T11:21:04,R_75,33145.3025
1774362066,2026-03-24T11:21:06,R_75,33144.4186
1774362068,2026-03-24T11:21:08,R_75,33138.1455
1774362070,2026-03-24T11:21:10,R_75,33143.6635
1774362072,2026-03-24T11:21:12,R_75,33140.3975
1774362074,2026-03-24T11:21:14,R_75,33139.1674
1774362076,2026-03-24T11:21:16,R_75,33140.5803
1774362078,2026-03-24T11:21:18,R_75,33140.4821
1774362080,2026-03-24T11:21:20,R_75,33138.6364
1774362082,2026-03-24T11:21:22,R_75,33130.1311
1774362084,2026-03-24T11:21:24,R_75,33128.4642
1774362086,2026-03-24T11:21:26,R_75,33126.634
1774362088,2026-03-24T11:21:28,R_75,33123.5885
1774362090,2026-03-24T11:21:30,R_75,33116.9827
1774362092,2026-03-24T11:21:32,R_75,33104.0904
1774362094,2026-03-24T11:21:34,R_75,33092.2547
1774362096,2026-03-24T11:21:36,R_75,33096.3453
1774362098,2026-03-24T11:21:38,R_75,33103.7448
1774362100,2026-03-24T11:21:40,R_75,33109.047
1774362102,2026-03-24T11:21:42,R_75,33106.0833
1774362104,2026-03-24T11:21:44,R_75,33111.0593
1774362106,2026-03-24T11:21:46,R_75,33109.9063
1774362108,2026-03-24T11:21:48,R_75,33110.3989
1774362110,2026-03-24T11:21:50,R_75,33109.8794
1774362112,2026-03-24T11:21:52,R_75,33100.3497
1774362114,2026-03-24T11:21:54,R_75,33109.9281
1774362116,2026-03-24T11:21:56,R_75,33124.2058
1774362118,2026-03-24T11:21:58,R_75,33129.7646
1774362120,2026-03-24T11:22:00,R_75,33135.7673
1774362122,2026-03-24T11:22:02,R_75,33126.8242
1774362124,2026-03-24T11:22:04,R_75,33122.28
1774362126,2026-03-24T11:22:06,R_75,33130.3042
1774362128,2026-03-24T11:22:08,R_75,33124.7189
1774362130,2026-03-24T11:22:10,R_75,33127.6563
1774362132,2026-03-24T11:22:12,R_75,33129.5929
1774362134,2026-03-24T11:22:14,R_75,33128.0979
1774362136,2026-03-24T11:22:16,R_75,33135.0123
1774362138,2026-03-24T11:22:18,R_75,33141.7954
1774362140,2026-03-24T11:22:20,R_75,33135.0282
1774362142,2026-03-24T11:22:22,R_75,33136.4766
1774362144,2026-03-24T11:22:24,R_75,33132.8371
1774362146,2026-03-24T11:22:26,R_75,33135.3535
1774362148,2026-03-24T11:22:28,R_75,33139.166
1774362150,2026-03-24T11:22:30,R_75,33135.1203
1774362152,2026-03-24T11:22:32,R_75,33129.7669
1774362154,2026-03-24T11:22:34,R_75,33130.3953
1774362156,2026-03-24T11:22:36,R_75,33126.8845
1774362158,2026-03-24T11:22:38,R_75,33123.5484
1774362160,2026-03-24T11:22:40,R_75,33115.0897
1774362162,2026-03-24T11:22:42,R_75,33117.0698
1774362164,2026-03-24T11:22:44,R_75,33124.7073
1774362166,2026-03-24T11:22:46,R_75,33116.2089
1774362168,2026-03-24T11:22:48,R_75,33118.3048
1774362170,2026-03-24T11:22:50,R_75,33112.6083
1774362172,2026-03-24T11:22:52,R_75,33119.0724
1774362174,2026-03-24T11:22:54,R_75,33120.9291
1774362176,2026-03-24T11:22:56,R_75,33120.4868
1774362178,2026-03-24T11:22:58,R_75,33123.8024
1774362180,2026-03-24T11:23:00,R_75,33128.7337
1774362182,2026-03-24T11:23:02,R_75,33133.9361
1774362184,2026-03-24T11:23:04,R_75,33130.9509
1774362186,2026-03-24T11:23:06,R_75,33123.2125
1774362188,2026-03-24T11:23:08,R_75,33138.6303
1774362190,2026-03-24T11:23:10,R_75,33131.548
1774362192,2026-03-24T11:23:12,R_75,33132.4883
1774362194,2026-03-24T11:23:14,R_75,33129.5244
1774362196,2026-03-24T11:23:16,R_75,33133.5813
1774362198,2026-03-24T11:23:18,R_75,33133.7311
1774362200,2026-03-24T11:23:20,R_75,33143.2274
1774362202,2026-03-24T11:23:22,R_75,33150.4832
1774362204,2026-03-24T11:23:24,R_75,33144.446
1774362206,2026-03-24T11:23:26,R_75,33144.2028
1774362208,2026-03-24T11:23:28,R_75,33136.9279
1774362210,2026-03-24T11:23:30,R_75,33150.4532
1774362212,2026-03-24T11:23:32,R_75,33141.9168
1774362214,2026-03-24T11:23:34,R_75,33137.7068
1774362216,2026-03-24T11:23:36,R_75,33134.3934
1774362218,2026-03-24T11:23:38,R_75,33131.9927
1774362220,2026-03-24T11:23:40,R_75,33133.331
1774362222,2026-03-24T11:23:42,R_75,33144.2067
1774362224,2026-03-24T11:23:44,R_75,33136.3138
1774362226,2026-03-24T11:23:46,R_75,33135.1397
1774362228,2026-03-24T11:23:48,R_75,33134.0428
1774362230,2026-03-24T11:23:50,R_75,33140.5201
1774362232,2026-03-24T11:23:52,R_75,33142.7291
1774362234,2026-03-24T11:23:54,R_75,33142.7415
1774362236,2026-03-24T11:23:56,R_75,33138.8728
1774362238,2026-03-24T11:23:58,R_75,33148.4704
1774362240,2026-03-24T11:24:00,R_75,33157.8546
1774362242,2026-03-24T11:24:02,R_75,33153.7754
1774362244,2026-03-24T11:24:04,R_75,33152.7627
1774362246,2026-03-24T11:24:06,R_75,33155.5141
1774362248,2026-03-24T11:24:08,R_75,33154.3197
1774362250,2026-03-24T11:24:10,R_75,33147.5414
1774362252,2026-03-24T11:24:12,R_75,33145.3736
1774362254,2026-03-24T11:24:14,R_75,33148.4379
1774362256,2026-03-24T11:24:16,R_75,33152.356
1774362258,2026-03-24T11:24:18,R_75,33155.7807
1774362260,2026-03-24T11:24:20,R_75,33158.7733
1774362262,2026-03-24T11:24:22,R_75,33151.7535
1774362264,2026-03-24T11:24:24,R_75,33153.0359
1774362266,2026-03-24T11:24:26,R_75,33153.2193
1774362268,2026-03-24T11:24:28,R_75,33146.5926
1774362270,2026-03-24T11:24:30,R_75,33144.0352
1774362272,2026-03-24T11:24:32,R_75,33142.5468
1774362274,2026-03-24T11:24:34,R_75,33142.6294
1774362276,2026-03-24T11:24:36,R_75,33138.639
1774362278,2026-03-24T11:24:38,R_75,33137.2383
1774362280,2026-03-24T11:24:40,R_75,33135.7589
1774362282,2026-03-24T11:24:42,R_75,33128.5606
1774362284,2026-03-24T11:24:44,R_75,33138.9481
1774362286,2026-03-24T11:24:46,R_75,33148.0049
1774362288,2026-03-24T11:24:48,R_75,33150.2476
1774362290,2026-03-24T11:24:50,R_75,33162.8651
1774362292,2026-03-24T11:24:52,R_75,33170.9871
1774362294,2026-03-24T11:24:54,R_75,33174.5662
1774362296,2026-03-24T11:24:56,R_75,33179.724
1774362298,2026-03-24T11:24:58,R_75,33181.0162
1774362300,2026-03-24T11:25:00,R_75,33181.703
1774362302,2026-03-24T11:25:02,R_75,33182.4925
1774362304,2026-03-24T11:25:04,R_75,33182.4677
1774362306,2026-03-24T11:25:06,R_75,33180.2952
1774362308,2026-03-24T11:25:08,R_75,33182.1278
1774362310,2026-03-24T11:25:10,R_75,33186.9022
1774362312,2026-03-24T11:25:12,R_75,33186.1819
1774362314,2026-03-24T11:25:14,R_75,33197.2103
1774362316,2026-03-24T11:25:16,R_75,33195.3382
1774362318,2026-03-24T11:25:18,R_75,33197.084
1774362320,2026-03-24T11:25:20,R_75,33193.5497
1774362322,2026-03-24T11:25:22,R_75,33189.8247
1774362324,2026-03-24T11:25:24,R_75,33180.5616
1774362326,2026-03-24T11:25:26,R_75,33178.3942
1774362328,2026-03-24T11:25:28,R_75,33188.826
1774362330,2026-03-24T11:25:30,R_75,33197.4415
1774362332,2026-03-24T11:25:32,R_75,33189.6526
1774362334,2026-03-24T11:25:34,R_75,33190.2715
1774362336,2026-03-24T11:25:36,R_75,33192.5762
1774362338,2026-03-24T11:25:38,R_75,33206.074
1774362340,2026-03-24T11:25:40,R_75,33209.7218
1774362342,2026-03-24T11:25:42,R_75,33207.1495
1774362344,2026-03-24T11:25:44,R_75,33202.8232
1774362346,2026-03-24T11:25:46,R_75,33206.2107
1774362348,2026-03-24T11:25:48,R_75,33202.7788
1774362350,2026-03-24T11:25:50,R_75,33203.7062
1774362352,2026-03-24T11:25:52,R_75,33195.8076
1774362354,2026-03-24T11:25:54,R_75,33197.3743
1774362356,2026-03-24T11:25:56,R_75,33187.4429
1774362358,2026-03-24T11:25:58,R_75,33180.0969
1774362360,2026-03-24T11:26:00,R_75,33176.2118
1774362362,2026-03-24T11:26:02,R_75,33175.6991
1774362364,2026-03-24T11:26:04,R_75,33183.2892
1774362366,2026-03-24T11:26:06,R_75,33180.4992
1774362368,2026-03-24T11:26:08,R_75,33176.4128
1774362370,2026-03-24T11:26:10,R_75,33167.083
1774362372,2026-03-24T11:26:12,R_75,33160.9559
1774362374,2026-03-24T11:26:14,R_75,33152.9321
1774362376,2026-03-24T11:26:16,R_75,33160.24
1774362378,2026-03-24T11:26:18,R_75,33173.0838
1774362380,2026-03-24T11:26:20,R_75,33173.1499
1774362382,2026-03-24T11:26:22,R_75,33175.1307
1774362384,2026-03-24T11:26:24,R_75,33180.3546
1774362386,2026-03-24T11:26:26,R_75,33180.3536
1774362388,2026-03-24T11:26:28,R_75,33189.1703
1774362390,2026-03-24T11:26:30,R_75,33194.5344
1774362392,2026-03-24T11:26:32,R_75,33196.9007
1774362394,2026-03-24T11:26:34,R_75,33192.5585
1774362396,2026-03-24T11:26:36,R_75,33194.7992
1774362398,2026-03-24T11:26:38,R_75,33201.1163
1774362400,2026-03-24T11:26:40,R_75,33193.4853
1774362402,2026-03-24T11:26:42,R_75,33192.6205
1774362404,2026-03-24T11:26:44,R_75,33185.3674
1774362406,2026-03-24T11:26:46,R_75,33188.1044
1774362408,2026-03-24T11:26:48,R_75,33186.9516
1774362410,2026-03-24T11:26:50,R_75,33187.1909
1774362412,2026-03-24T11:26:52,R_75,33186.1652
1774362414,2026-03-24T11:26:54,R_75,33179.1141
1774362416,2026-03-24T11:26:56,R_75,33182.9811
1774362418,2026-03-24T11:26:58,R_75,33183.4546
1774362420,2026-03-24T11:27:00,R_75,33185.1182
1774362422,2026-03-24T11:27:02,R_75,33178.8765
1774362424,2026-03-24T11:27:04,R_75,33177.3412
1774362426,2026-03-24T11:27:06,R_75,33184.903
1774362428,2026-03-24T11:27:08,R_75,33181.2382
1774362430,2026-03-24T11:27:10,R_75,33181.9558
1774362432,2026-03-24T11:27:12,R_75,33182.6932
1774362434,2026-03-24T11:27:14,R_75,33189.2271
1774362436,2026-03-24T11:27:16,R_75,33176.6377
1774362438,2026-03-24T11:27:18,R_75,33179.2633
1774362440,2026-03-24T11:27:20,R_75,33172.0758
1774362442,2026-03-24T11:27:22,R_75,33165.5815
1774362444,2026-03-24T11:27:24,R_75,33166.3662
1774362446,2026-03-24T11:27:26,R_75,33164.5837
1774362448,2026-03-24T11:27:28,R_75,33167.045
1774362450,2026-03-24T11:27:30,R_75,33170.61
1774362452,2026-03-24T11:27:32,R_75,33166.2866
1774362454,2026-03-24T11:27:34,R_75,33163.9089
1774362456,2026-03-24T11:27:36,R_75,33167.4851
1774362458,2026-03-24T11:27:38,R_75,33158.8547
1774362460,2026-03-24T11:27:40,R_75,33140.793
1774362462,2026-03-24T11:27:42,R_75,33133.1608
1774362464,2026-03-24T11:27:44,R_75,33131.2871
1774362466,2026-03-24T11:27:46,R_75,33137.7317
1774362468,2026-03-24T11:27:48,R_75,33129.6542
1774362470,2026-03-24T11:27:50,R_75,33132.6489
1774362472,2026-03-24T11:27:52,R_75,33134.8209
1774362474,2026-03-24T11:27:54,R_75,33127.2486
1774362476,2026-03-24T11:27:56,R_75,33125.8951
1774362478,2026-03-24T11:27:58,R_75,33127.2304
1774362480,2026-03-24T11:28:00,R_75,33124.7852
1774362482,2026-03-24T11:28:02,R_75,33121.0225
1774362484,2026-03-24T11:28:04,R_75,33125.0192
1774362486,2026-03-24T11:28:06,R_75,33122.7538
1774362488,2026-03-24T11:28:08,R_75,33122.2449
1774362490,2026-03-24T11:28:10,R_75,33120.227
1774362492,2026-03-24T11:28:12,R_75,33130.983
1774362494,2026-03-24T11:28:14,R_75,33124.3032
1774362496,2026-03-24T11:28:16,R_75,33134.7506
1774362498,2026-03-24T11:28:18,R_75,33130.8311
1774362500,2026-03-24T11:28:20,R_75,33142.8725
1774362502,2026-03-24T11:28:22,R_75,33152.5333
1774362504,2026-03-24T11:28:24,R_75,33149.1188
1774362506,2026-03-24T11:28:26,R_75,33137.8981
1774362508,2026-03-24T11:28:28,R_75,33135.2023
1774362510,2026-03-24T11:28:30,R_75,33132.8211
1774362512,2026-03-24T11:28:32,R_75,33133.1216
1774362514,2026-03-24T11:28:34,R_75,33132.2058
1774362516,2026-03-24T11:28:36,R_75,33135.5691
1774362518,2026-03-24T11:28:38,R_75,33139.7311
1774362520,2026-03-24T11:28:40,R_75,33140.6221
1774362522,2026-03-24T11:28:42,R_75,33152.5119
1774362524,2026-03-24T11:28:44,R_75,33148.7773
1774362526,2026-03-24T11:28:46,R_75,33149.1082
1774362528,2026-03-24T11:28:48,R_75,33150.7398
1774362530,2026-03-24T11:28:50,R_75,33150.1421
1774362532,2026-03-24T11:28:52,R_75,33139.1216
1774362534,2026-03-24T11:28:54,R_75,33141.0692
1774362536,2026-03-24T11:28:56,R_75,33148.1002
1774362538,2026-03-24T11:28:58,R_75,33158.1133
1774362540,2026-03-24T11:29:00,R_75,33143.3585
1774362542,2026-03-24T11:29:02,R_75,33143.3647
1774362544,2026-03-24T11:29:04,R_75,33133.0983
1774362546,2026-03-24T11:29:06,R_75,33131.7956
1774362548,2026-03-24T11:29:08,R_75,33126.1329
1774362550,2026-03-24T11:29:10,R_75,33130.5454
1774362552,2026-03-24T11:29:12,R_75,33130.7449
1774362554,2026-03-24T11:29:14,R_75,33133.8291
1774362556,2026-03-24T11:29:16,R_75,33133.2541
1774362558,2026-03-24T11:29:18,R_75,33131.5543
1774362560,2026-03-24T11:29:20,R_75,33124.4312
1774362562,2026-03-24T11:29:22,R_75,33124.6252
1774362564,2026-03-24T11:29:24,R_75,33123.3099
1774362566,2026-03-24T11:29:26,R_75,33122.794
1774362568,2026-03-24T11:29:28,R_75,33124.8304
1774362570,2026-03-24T11:29:30,R_75,33126.7588
1774362572,2026-03-24T11:29:32,R_75,33121.5747
1774362574,2026-03-24T11:29:34,R_75,33113.665
1774362576,2026-03-24T11:29:36,R_75,33105.7721
1774362578,2026-03-24T11:29:38,R_75,33107.9163
1774362580,2026-03-24T11:29:40,R_75,33119.7023
1774362582,2026-03-24T11:29:42,R_75,33119.7478
1774362584,2026-03-24T11:29:44,R_75,33125.4061
1774362586,2026-03-24T11:29:46,R_75,33116.6689
1774362588,2026-03-24T11:29:48,R_75,33114.5165
1774362590,2026-03-24T11:29:50,R_75,33127.5575
1774362592,2026-03-24T11:29:52,R_75,33134.9524
1774362594,2026-03-24T11:29:54,R_75,33121.9302
1774362596,2026-03-24T11:29:56,R_75,33120.5296
1774362598,2026-03-24T11:29:58,R_75,33118.6193
1774362600,2026-03-24T11:30:00,R_75,33116.718
1774362602,2026-03-24T11:30:02,R_75,33124.011
1774362604,2026-03-24T11:30:04,R_75,33111.3011
1774362606,2026-03-24T11:30:06,R_75,33111.6523
1774362608,2026-03-24T11:30:08,R_75,33107.4349
1774362610,2026-03-24T11:30:10,R_75,33111.9095
1774362612,2026-03-24T11:30:12,R_75,33105.9634
1774362614,2026-03-24T11:30:14,R_75,33113.3804
1774362616,2026-03-24T11:30:16,R_75,33109.8097
1774362618,2026-03-24T11:30:18,R_75,33117.6544
1774362620,2026-03-24T11:30:20,R_75,33124.1798
1774362622,2026-03-24T11:30:22,R_75,33122.4068
1774362624,2026-03-24T11:30:24,R_75,33128.5782
1774362626,2026-03-24T11:30:26,R_75,33129.4036
1774362628,2026-03-24T11:30:28,R_75,33133.8849
1774362630,2026-03-24T11:30:30,R_75,33133.4563
1774362632,2026-03-24T11:30:32,R_75,33127.8505
1774362634,2026-03-24T11:30:34,R_75,33124.6157
1774362636,2026-03-24T11:30:36,R_75,33129.4326
1774362638,2026-03-24T11:30:38,R_75,33145.1372
1774362640,2026-03-24T11:30:40,R_75,33144.3832
1774362642,2026-03-24T11:30:42,R_75,33149.8457
1774362644,2026-03-24T11:30:44,R_75,33148.6588
1774362646,2026-03-24T11:30:46,R_75,33145.6639
1774362648,2026-03-24T11:30:48,R_75,33146.6102
1774362650,2026-03-24T11:30:50,R_75,33139.6506
1774362652,2026-03-24T11:30:52,R_75,33141.9511
1774362654,2026-03-24T11:30:54,R_75,33140.0703
1774362656,2026-03-24T11:30:56,R_75,33145.7256
1774362658,2026-03-24T11:30:58,R_75,33143.4398
1774362660,2026-03-24T11:31:00,R_75,33146.8458
1774362662,2026-03-24T11:31:02,R_75,33157.101
1774362664,2026-03-24T11:31:04,R_75,33168.5516
1774362666,2026-03-24T11:31:06,R_75,33169.9584
1774362668,2026-03-24T11:31:08,R_75,33175.0282
1774362670,2026-03-24T11:31:10,R_75,33179.4776
1774362672,2026-03-24T11:31:12,R_75,33180.817
1774362674,2026-03-24T11:31:14,R_75,33181.4659
1774362676,2026-03-24T11:31:16,R_75,33188.4792
1774362678,2026-03-24T11:31:18,R_75,33187.9663
1774362680,2026-03-24T11:31:20,R_75,33195.367
1774362682,2026-03-24T11:31:22,R_75,33197.4266
1774362684,2026-03-24T11:31:24,R_75,33195.3515
1774362686,2026-03-24T11:31:26,R_75,33196.9682
1774362688,2026-03-24T11:31:28,R_75,33197.4692
1774362690,2026-03-24T11:31:30,R_75,33202.1381
1774362692,2026-03-24T11:31:32,R_75,33198.648
1774362694,2026-03-24T11:31:34,R_75,33197.7205
1774362696,2026-03-24T11:31:36,R_75,33184.7238
1774362698,2026-03-24T11:31:38,R_75,33185.4714
1774362700,2026-03-24T11:31:40,R_75,33183.9662
1774362702,2026-03-24T11:31:42,R_75,33175.323
1774362704,2026-03-24T11:31:44,R_75,33175.8587
1774362708,2026-03-24T11:31:48,R_75,33170.111
1774362710,2026-03-24T11:31:50,R_75,33162.0745
1774362712,2026-03-24T11:31:52,R_75,33155.7947
1774362714,2026-03-24T11:31:54,R_75,33151.9412
1774362716,2026-03-24T11:31:56,R_75,33145.3368
1774362718,2026-03-24T11:31:58,R_75,33149.7843
1774362720,2026-03-24T11:32:00,R_75,33150.8353
1774362722,2026-03-24T11:32:02,R_75,33159.3877
1774362724,2026-03-24T11:32:04,R_75,33159.879
1774362726,2026-03-24T11:32:06,R_75,33167.2686
1774362728,2026-03-24T11:32:08,R_75,33178.0288
1774362730,2026-03-24T11:32:10,R_75,33167.8323
1774362732,2026-03-24T11:32:12,R_75,33159.8322
1774362734,2026-03-24T11:32:14,R_75,33164.2161
1774362736,2026-03-24T11:32:16,R_75,33161.451
1774362738,2026-03-24T11:32:18,R_75,33170.9901
1774362740,2026-03-24T11:32:20,R_75,33169.7842
1774362742,2026-03-24T11:32:22,R_75,33164.6272
1774362744,2026-03-24T11:32:24,R_75,33160.4283
1774362746,2026-03-24T11:32:26,R_75,33162.7811
1774362748,2026-03-24T11:32:28,R_75,33180.0146
1774362750,2026-03-24T11:32:30,R_75,33187.9514
1774362752,2026-03-24T11:32:32,R_75,33187.6779
1774362754,2026-03-24T11:32:34,R_75,33184.7517
1774362756,2026-03-24T11:32:36,R_75,33189.6927
1774362758,2026-03-24T11:32:38,R_75,33198.159
1774362760,2026-03-24T11:32:40,R_75,33191.4187
1774362762,2026-03-24T11:32:42,R_75,33181.4552
1774362764,2026-03-24T11:32:44,R_75,33161.6605
1774362766,2026-03-24T11:32:46,R_75,33163.8485
1774362768,2026-03-24T11:32:48,R_75,33180.2329
1774362770,2026-03-24T11:32:50,R_75,33178.1913
1774362772,2026-03-24T11:32:52,R_75,33171.5939
1774362774,2026-03-24T11:32:54,R_75,33168.4012
1774362776,2026-03-24T11:32:56,R_75,33179.1637
1774362778,2026-03-24T11:32:58,R_75,33185.4894
1774362780,2026-03-24T11:33:00,R_75,33184.5478
1774362782,2026-03-24T11:33:02,R_75,33186.5159
1774362784,2026-03-24T11:33:04,R_75,33199.6855
1774362786,2026-03-24T11:33:06,R_75,33198.0855
1774362788,2026-03-24T11:33:08,R_75,33193.304
1774362790,2026-03-24T11:33:10,R_75,33192.5366
1774362792,2026-03-24T11:33:12,R_75,33190.8087
1774362794,2026-03-24T11:33:14,R_75,33192.4152
1774362796,2026-03-24T11:33:16,R_75,33189.5038
1774362798,2026-03-24T11:33:18,R_75,33204.069
1774362800,2026-03-24T11:33:20,R_75,33201.1453
1774362802,2026-03-24T11:33:22,R_75,33197.1934
1774362804,2026-03-24T11:33:24,R_75,33189.3941
1774362806,2026-03-24T11:33:26,R_75,33194.7545
1774362808,2026-03-24T11:33:28,R_75,33198.2439
1774362810,2026-03-24T11:33:30,R_75,33194.5644
1774362812,2026-03-24T11:33:32,R_75,33197.132
1774362814,2026-03-24T11:33:34,R_75,33193.8928
1774362816,2026-03-24T11:33:36,R_75,33200.6055
1774362818,2026-03-24T11:33:38,R_75,33193.877
1774362820,2026-03-24T11:33:40,R_75,33195.5522
1774362822,2026-03-24T11:33:42,R_75,33192.6896
1774362824,2026-03-24T11:33:44,R_75,33191.8349
1774362826,2026-03-24T11:33:46,R_75,33189.4216
1774362828,2026-03-24T11:33:48,R_75,33187.4838
1774362830,2026-03-24T11:33:50,R_75,33192.8525
1774362832,2026-03-24T11:33:52,R_75,33188.1418
1774362834,2026-03-24T11:33:54,R_75,33198.7152
1774362836,2026-03-24T11:33:56,R_75,33200.249
1774362838,2026-03-24T11:33:58,R_75,33203.7975
1774362840,2026-03-24T11:34:00,R_75,33211.6588
1774362842,2026-03-24T11:34:02,R_75,33220.3363
1774362844,2026-03-24T11:34:04,R_75,33216.4916
1774362846,2026-03-24T11:34:06,R_75,33215.0741
1774362848,2026-03-24T11:34:08,R_75,33210.4031
1774362850,2026-03-24T11:34:10,R_75,33215.5492
1774362852,2026-03-24T11:34:12,R_75,33216.0236
1774362854,2026-03-24T11:34:14,R_75,33212.0805
1774362856,2026-03-24T11:34:16,R_75,33209.3224
1774362858,2026-03-24T11:34:18,R_75,33214.2748
1774362860,2026-03-24T11:34:20,R_75,33205.0451
1774362862,2026-03-24T11:34:22,R_75,33209.3424
1774362864,2026-03-24T11:34:24,R_75,33215.5022
1774362866,2026-03-24T11:34:26,R_75,33216.0568
1774362868,2026-03-24T11:34:28,R_75,33216.5241
1774362870,2026-03-24T11:34:30,R_75,33231.246
1774362872,2026-03-24T11:34:32,R_75,33229.6733
1774362874,2026-03-24T11:34:34,R_75,33228.47
1774362876,2026-03-24T11:34:36,R_75,33240.6945
1774362878,2026-03-24T11:34:38,R_75,33250.9286
1774362880,2026-03-24T11:34:40,R_75,33252.5707
1774362882,2026-03-24T11:34:42,R_75,33260.2602
1774362884,2026-03-24T11:34:44,R_75,33251.181
1774362886,2026-03-24T11:34:46,R_75,33239.0482
1774362888,2026-03-24T11:34:48,R_75,33243.0473
1774362890,2026-03-24T11:34:50,R_75,33255.2756
1774362892,2026-03-24T11:34:52,R_75,33266.2359
1774362894,2026-03-24T11:34:54,R_75,33260.9894
1774362896,2026-03-24T11:34:56,R_75,33265.9152
1774362898,2026-03-24T11:34:58,R_75,33260.8754
1774362900,2026-03-24T11:35:00,R_75,33249.1686
1774362902,2026-03-24T11:35:02,R_75,33242.6063
1774362904,2026-03-24T11:35:04,R_75,33239.7755
1774362906,2026-03-24T11:35:06,R_75,33236.3471
1774362908,2026-03-24T11:35:08,R_75,33229.2731
1774362910,2026-03-24T11:35:10,R_75,33229.5176
1774362912,2026-03-24T11:35:12,R_75,33231.255
1774362914,2026-03-24T11:35:14,R_75,33227.3292
1774362916,2026-03-24T11:35:16,R_75,33243.3574
1774362918,2026-03-24T11:35:18,R_75,33238.8466
1774362920,2026-03-24T11:35:20,R_75,33235.6625
1774362922,2026-03-24T11:35:22,R_75,33237.0974
1774362924,2026-03-24T11:35:24,R_75,33232.1809
1774362926,2026-03-24T11:35:26,R_75,33236.2749
1774362928,2026-03-24T11:35:28,R_75,33237.0922
1774362930,2026-03-24T11:35:30,R_75,33239.1449
1774362932,2026-03-24T11:35:32,R_75,33240.6168
1774362934,2026-03-24T11:35:34,R_75,33226.4405
1774362936,2026-03-24T11:35:36,R_75,33225.4068
1774362938,2026-03-24T11:35:38,R_75,33223.5234
1774362940,2026-03-24T11:35:40,R_75,33225.4842
1774362942,2026-03-24T11:35:42,R_75,33221.4299
1774362944,2026-03-24T11:35:44,R_75,33230.4845
1774362946,2026-03-24T11:35:46,R_75,33224.3823
1774362948,2026-03-24T11:35:48,R_75,33225.3251
1774362950,2026-03-24T11:35:50,R_75,33224.7017
1774362952,2026-03-24T11:35:52,R_75,33213.6857
1774362954,2026-03-24T11:35:54,R_75,33205.0291
1774362956,2026-03-24T11:35:56,R_75,33209.9276
1774362958,2026-03-24T11:35:58,R_75,33217.5988
1774362960,2026-03-24T11:36:00,R_75,33218.4917
1774362962,2026-03-24T11:36:02,R_75,33215.2879
1774362964,2026-03-24T11:36:04,R_75,33225.5632
1774362966,2026-03-24T11:36:06,R_75,33230.7415
1774362968,2026-03-24T11:36:08,R_75,33227.1997
1774362970,2026-03-24T11:36:10,R_75,33224.8497
1774362972,2026-03-24T11:36:12,R_75,33225.4075
1774362974,2026-03-24T11:36:14,R_75,33222.2897
1774362976,2026-03-24T11:36:16,R_75,33214.0909
1774362978,2026-03-24T11:36:18,R_75,33207.4154
1774362980,2026-03-24T11:36:20,R_75,33213.5951
1774362982,2026-03-24T11:36:22,R_75,33211.3896
1774362984,2026-03-24T11:36:24,R_75,33213.6802
1774362986,2026-03-24T11:36:26,R_75,33198.2319
1774362988,2026-03-24T11:36:28,R_75,33193.6511
1774362990,2026-03-24T11:36:30,R_75,33187.1518
1774362992,2026-03-24T11:36:32,R_75,33182.9875
1774362994,2026-03-24T11:36:34,R_75,33181.2608
1774362996,2026-03-24T11:36:36,R_75,33174.8886
1774362998,2026-03-24T11:36:38,R_75,33179.771
1774363000,2026-03-24T11:36:40,R_75,33176.8377
1774363002,2026-03-24T11:36:42,R_75,33170.477
1774363004,2026-03-24T11:36:44,R_75,33167.4162
1774363006,2026-03-24T11:36:46,R_75,33169.557
1774363008,2026-03-24T11:36:48,R_75,33177.4084
1774363010,2026-03-24T11:36:50,R_75,33172.6954
1774363012,2026-03-24T11:36:52,R_75,33179.4
1774363014,2026-03-24T11:36:54,R_75,33171.4565
1774363016,2026-03-24T11:36:56,R_75,33170.5961
1774363018,2026-03-24T11:36:58,R_75,33167.6898
1774363020,2026-03-24T11:37:00,R_75,33166.8006
1774363022,2026-03-24T11:37:02,R_75,33163.9253
1774363024,2026-03-24T11:37:04,R_75,33166.5793
1774363026,2026-03-24T11:37:06,R_75,33168.7739
1774363028,2026-03-24T11:37:08,R_75,33161.702
1774363030,2026-03-24T11:37:10,R_75,33164.8764
1774363032,2026-03-24T11:37:12,R_75,33170.139
1774363034,2026-03-24T11:37:14,R_75,33174.2488
1774363036,2026-03-24T11:37:16,R_75,33175.7579
1774363038,2026-03-24T11:37:18,R_75,33177.6621
1774363040,2026-03-24T11:37:20,R_75,33189.1157
1774363042,2026-03-24T11:37:22,R_75,33194.7714
1774363044,2026-03-24T11:37:24,R_75,33189.5314
1774363046,2026-03-24T11:37:26,R_75,33177.5893
1774363048,2026-03-24T11:37:28,R_75,33177.8552
1774363050,2026-03-24T11:37:30,R_75,33175.5573
1774363052,2026-03-24T11:37:32,R_75,33171.5503
1774363054,2026-03-24T11:37:34,R_75,33162.502
1774363056,2026-03-24T11:37:36,R_75,33161.3788
1774363058,2026-03-24T11:37:38,R_75,33155.3457
1774363060,2026-03-24T11:37:40,R_75,33155.4667
1774363062,2026-03-24T11:37:42,R_75,33149.9645
1774363064,2026-03-24T11:37:44,R_75,33162.1289
1774363066,2026-03-24T11:37:46,R_75,33157.5655
1774363068,2026-03-24T11:37:48,R_75,33152.375
1774363070,2026-03-24T11:37:50,R_75,33146.5139
1774363072,2026-03-24T11:37:52,R_75,33149.8983
1774363074,2026-03-24T11:37:54,R_75,33151.619
1774363076,2026-03-24T11:37:56,R_75,33159.7717
1774363078,2026-03-24T11:37:58,R_75,33168.9163
1774363080,2026-03-24T11:38:00,R_75,33168.3278
1774363082,2026-03-24T11:38:02,R_75,33158.05
1774363084,2026-03-24T11:38:04,R_75,33152.6587
1774363086,2026-03-24T11:38:06,R_75,33152.5463
1774363088,2026-03-24T11:38:08,R_75,33148.0147
1774363090,2026-03-24T11:38:10,R_75,33152.1086
1774363092,2026-03-24T11:38:12,R_75,33152.9003
1774363094,2026-03-24T11:38:14,R_75,33156.9448
1774363096,2026-03-24T11:38:16,R_75,33161.4101
1774363098,2026-03-24T11:38:18,R_75,33153.7495
1774363100,2026-03-24T11:38:20,R_75,33155.3736
1774363102,2026-03-24T11:38:22,R_75,33161.6773
1774363104,2026-03-24T11:38:24,R_75,33164.765
1774363106,2026-03-24T11:38:26,R_75,33165.745
1774363108,2026-03-24T11:38:28,R_75,33179.1372
1774363110,2026-03-24T11:38:30,R_75,33183.4316
1774363112,2026-03-24T11:38:32,R_75,33187.5624
1774363114,2026-03-24T11:38:34,R_75,33184.6278
1774363116,2026-03-24T11:38:36,R_75,33188.028
1774363118,2026-03-24T11:38:38,R_75,33187.5543
1774363120,2026-03-24T11:38:40,R_75,33191.6214
1774363122,2026-03-24T11:38:42,R_75,33197.7837
1774363124,2026-03-24T11:38:44,R_75,33196.2517
1774363126,2026-03-24T11:38:46,R_75,33186.2881
1774363128,2026-03-24T11:38:48,R_75,33185.3948
1774363130,2026-03-24T11:38:50,R_75,33194.3727
1774363132,2026-03-24T11:38:52,R_75,33189.6996
1774363134,2026-03-24T11:38:54,R_75,33179.841
1774363136,2026-03-24T11:38:56,R_75,33172.5946
1774363138,2026-03-24T11:38:58,R_75,33169.4041
1774363140,2026-03-24T11:39:00,R_75,33169.875
1774363142,2026-03-24T11:39:02,R_75,33167.9851
1774363144,2026-03-24T11:39:04,R_75,33182.3037
1774363146,2026-03-24T11:39:06,R_75,33180.2059
1774363148,2026-03-24T11:39:08,R_75,33176.6065
1774363150,2026-03-24T11:39:10,R_75,33174.5529
1774363152,2026-03-24T11:39:12,R_75,33171.6845
1774363154,2026-03-24T11:39:14,R_75,33182.7688
1774363156,2026-03-24T11:39:16,R_75,33187.4507
1774363158,2026-03-24T11:39:18,R_75,33191.2334
1774363160,2026-03-24T11:39:20,R_75,33184.8178
1774363162,2026-03-24T11:39:22,R_75,33188.37
1774363164,2026-03-24T11:39:24,R_75,33194.0386
1774363166,2026-03-24T11:39:26,R_75,33201.7862
1774363168,2026-03-24T11:39:28,R_75,33191.4488
1774363170,2026-03-24T11:39:30,R_75,33192.0088
1774363172,2026-03-24T11:39:32,R_75,33182.1008
1774363174,2026-03-24T11:39:34,R_75,33189.4133
1774363176,2026-03-24T11:39:36,R_75,33190.496
1774363178,2026-03-24T11:39:38,R_75,33196.87
1774363180,2026-03-24T11:39:40,R_75,33195.5146
1774363182,2026-03-24T11:39:42,R_75,33193.8517
1774363184,2026-03-24T11:39:44,R_75,33202.065
1774363186,2026-03-24T11:39:46,R_75,33188.5898
1774363188,2026-03-24T11:39:48,R_75,33188.2974
1774363190,2026-03-24T11:39:50,R_75,33184.8207
1774363192,2026-03-24T11:39:52,R_75,33175.8176
1774363194,2026-03-24T11:39:54,R_75,33176.8135
1774363196,2026-03-24T11:39:56,R_75,33175.7274
1774363198,2026-03-24T11:39:58,R_75,33182.4815
1774363200,2026-03-24T11:40:00,R_75,33189.2968
1774363202,2026-03-24T11:40:02,R_75,33199.5184
1774363204,2026-03-24T11:40:04,R_75,33203.2019
1774363206,2026-03-24T11:40:06,R_75,33202.3435
1774363208,2026-03-24T11:40:08,R_75,33201.6745
1774363210,2026-03-24T11:40:10,R_75,33199.782
1774363212,2026-03-24T11:40:12,R_75,33185.4503
1774363214,2026-03-24T11:40:14,R_75,33194.5019
1774363216,2026-03-24T11:40:16,R_75,33190.5932
1774363218,2026-03-24T11:40:18,R_75,33199.4546
1774363220,2026-03-24T11:40:20,R_75,33202.2955
1774363222,2026-03-24T11:40:22,R_75,33199.7063
1774363224,2026-03-24T11:40:24,R_75,33200.9873
1774363226,2026-03-24T11:40:26,R_75,33202.2031
1774363228,2026-03-24T11:40:28,R_75,33202.5309
1774363230,2026-03-24T11:40:30,R_75,33200.8718
1774363232,2026-03-24T11:40:32,R_75,33197.6814
1774363234,2026-03-24T11:40:34,R_75,33208.7296
1774363236,2026-03-24T11:40:36,R_75,33210.0164
1774363238,2026-03-24T11:40:38,R_75,33211.5346
1774363240,2026-03-24T11:40:40,R_75,33194.8314
1774363242,2026-03-24T11:40:42,R_75,33190.1301
1774363244,2026-03-24T11:40:44,R_75,33186.5633
1774363246,2026-03-24T11:40:46,R_75,33186.8029
1774363248,2026-03-24T11:40:48,R_75,33191.5374
1774363250,2026-03-24T11:40:50,R_75,33198.3773
1774363252,2026-03-24T11:40:52,R_75,33185.1446
1774363254,2026-03-24T11:40:54,R_75,33180.0002
1774363256,2026-03-24T11:40:56,R_75,33173.3546
1774363258,2026-03-24T11:40:58,R_75,33168.6409
1774363260,2026-03-24T11:41:00,R_75,33174.0021
1774363262,2026-03-24T11:41:02,R_75,33172.9213
1774363264,2026-03-24T11:41:04,R_75,33175.7497
1774363266,2026-03-24T11:41:06,R_75,33181.7777
1774363268,2026-03-24T11:41:08,R_75,33178.9345
1774363270,2026-03-24T11:41:10,R_75,33172.8933
1774363272,2026-03-24T11:41:12,R_75,33166.859
1774363274,2026-03-24T11:41:14,R_75,33173.3869
1774363276,2026-03-24T11:41:16,R_75,33169.6787
1774363278,2026-03-24T11:41:18,R_75,33161.7787
1774363280,2026-03-24T11:41:20,R_75,33171.4731
1774363282,2026-03-24T11:41:22,R_75,33172.862
1774363284,2026-03-24T11:41:24,R_75,33169.8922
1774363286,2026-03-24T11:41:26,R_75,33168.6239
1774363288,2026-03-24T11:41:28,R_75,33166.8541
1774363290,2026-03-24T11:41:30,R_75,33162.1648
1774363292,2026-03-24T11:41:32,R_75,33172.7012
1774363294,2026-03-24T11:41:34,R_75,33177.9727
1774363296,2026-03-24T11:41:36,R_75,33184.8611
1774363298,2026-03-24T11:41:38,R_75,33185.1402
1774363300,2026-03-24T11:41:40,R_75,33176.313
1774363302,2026-03-24T11:41:42,R_75,33190.4752
1774363304,2026-03-24T11:41:44,R_75,33190.5087
1774363306,2026-03-24T11:41:46,R_75,33191.0574
1774363308,2026-03-24T11:41:48,R_75,33196.9811
1774363310,2026-03-24T11:41:50,R_75,33194.0668
1774363312,2026-03-24T11:41:52,R_75,33196.3227
1774363314,2026-03-24T11:41:54,R_75,33187.5867
1774363316,2026-03-24T11:41:56,R_75,33183.2335
1774363318,2026-03-24T11:41:58,R_75,33186.7362
1774363320,2026-03-24T11:42:00,R_75,33186.945
1774363322,2026-03-24T11:42:02,R_75,33206.3544
1774363324,2026-03-24T11:42:04,R_75,33213.2885
1774363326,2026-03-24T11:42:06,R_75,33207.9222
1774363328,2026-03-24T11:42:08,R_75,33196.1163
1774363330,2026-03-24T11:42:10,R_75,33194.7182
1774363332,2026-03-24T11:42:12,R_75,33181.8683
1774363334,2026-03-24T11:42:14,R_75,33184.5198
1774363336,2026-03-24T11:42:16,R_75,33183.365
1774363338,2026-03-24T11:42:18,R_75,33175.1071
1774363340,2026-03-24T11:42:20,R_75,33168.4943
1774363342,2026-03-24T11:42:22,R_75,33174.4083
1774363344,2026-03-24T11:42:24,R_75,33171.2691
1774363346,2026-03-24T11:42:26,R_75,33169.4817
1774363348,2026-03-24T11:42:28,R_75,33162.3776
1774363350,2026-03-24T11:42:30,R_75,33171.0537
1774363352,2026-03-24T11:42:32,R_75,33165.4574
1774363354,2026-03-24T11:42:34,R_75,33162.5888
1774363356,2026-03-24T11:42:36,R_75,33164.8064
1774363358,2026-03-24T11:42:38,R_75,33160.0481
1774363360,2026-03-24T11:42:40,R_75,33163.4465
1774363362,2026-03-24T11:42:42,R_75,33169.0881
1774363364,2026-03-24T11:42:44,R_75,33177.518
1774363366,2026-03-24T11:42:46,R_75,33173.4583
1774363368,2026-03-24T11:42:48,R_75,33164.78
1774363370,2026-03-24T11:42:50,R_75,33161.2924
1774363372,2026-03-24T11:42:52,R_75,33158.4938
1774363374,2026-03-24T11:42:54,R_75,33155.0502
1774363376,2026-03-24T11:42:56,R_75,33164.4934
1774363378,2026-03-24T11:42:58,R_75,33154.0496
1774363380,2026-03-24T11:43:00,R_75,33156.2051
1774363382,2026-03-24T11:43:02,R_75,33152.4205
1774363384,2026-03-24T11:43:04,R_75,33164.8744
1774363386,2026-03-24T11:43:06,R_75,33159.3249
1774363388,2026-03-24T11:43:08,R_75,33154.2096
1774363390,2026-03-24T11:43:10,R_75,33160.3541
1774363392,2026-03-24T11:43:12,R_75,33159.8272
1774363394,2026-03-24T11:43:14,R_75,33163.7843
1774363396,2026-03-24T11:43:16,R_75,33163.2086
1774363398,2026-03-24T11:43:18,R_75,33165.8739
1774363400,2026-03-24T11:43:20,R_75,33165.8109
1774363402,2026-03-24T11:43:22,R_75,33158.4988
1774363404,2026-03-24T11:43:24,R_75,33158.3673
1774363406,2026-03-24T11:43:26,R_75,33166.9608
1774363408,2026-03-24T11:43:28,R_75,33147.3667
1774363410,2026-03-24T11:43:30,R_75,33148.9535
1774363412,2026-03-24T11:43:32,R_75,33136.5663
1774363414,2026-03-24T11:43:34,R_75,33142.8901
1774363416,2026-03-24T11:43:36,R_75,33136.6465
1774363418,2026-03-24T11:43:38,R_75,33132.8108
1774363420,2026-03-24T11:43:40,R_75,33130.3404
1774363422,2026-03-24T11:43:42,R_75,33142.9027
1774363424,2026-03-24T11:43:44,R_75,33142.7962
1774363426,2026-03-24T11:43:46,R_75,33137.4664
1774363428,2026-03-24T11:43:48,R_75,33141.7124
1774363430,2026-03-24T11:43:50,R_75,33131.0671
1774363432,2026-03-24T11:43:52,R_75,33126.9451
1774363434,2026-03-24T11:43:54,R_75,33117.7717
1774363436,2026-03-24T11:43:56,R_75,33109.4044
1774363438,2026-03-24T11:43:58,R_75,33112.4563
1774363440,2026-03-24T11:44:00,R_75,33101.5237
1774363442,2026-03-24T11:44:02,R_75,33101.7078
1774363444,2026-03-24T11:44:04,R_75,33104.2627
1774363446,2026-03-24T11:44:06,R_75,33104.4069
1774363448,2026-03-24T11:44:08,R_75,33100.3914
1774363450,2026-03-24T11:44:10,R_75,33100.8391
1774363452,2026-03-24T11:44:12,R_75,33093.6723
1774363454,2026-03-24T11:44:14,R_75,33091.2454
1774363456,2026-03-24T11:44:16,R_75,33102.9018
1774363458,2026-03-24T11:44:18,R_75,33109.752
1774363460,2026-03-24T11:44:20,R_75,33122.6713
1774363462,2026-03-24T11:44:22,R_75,33127.8256
1774363464,2026-03-24T11:44:24,R_75,33124.347
1774363466,2026-03-24T11:44:26,R_75,33113.9929
1774363468,2026-03-24T11:44:28,R_75,33125.6366
1774363470,2026-03-24T11:44:30,R_75,33130.669
1774363472,2026-03-24T11:44:32,R_75,33125.4731
1774363474,2026-03-24T11:44:34,R_75,33123.5707
1774363476,2026-03-24T11:44:36,R_75,33122.4764
1774363478,2026-03-24T11:44:38,R_75,33118.8188
1774363480,2026-03-24T11:44:40,R_75,33114.7682
1774363482,2026-03-24T11:44:42,R_75,33121.6778
1774363484,2026-03-24T11:44:44,R_75,33129.2521
1774363486,2026-03-24T11:44:46,R_75,33131.0349
1774363488,2026-03-24T11:44:48,R_75,33122.5244
1774363490,2026-03-24T11:44:50,R_75,33121.751
1774363492,2026-03-24T11:44:52,R_75,33113.289
1774363494,2026-03-24T11:44:54,R_75,33114.1237
1774363496,2026-03-24T11:44:56,R_75,33120.4884
1774363498,2026-03-24T11:44:58,R_75,33125.5998
1774363500,2026-03-24T11:45:00,R_75,33126.185
1774363502,2026-03-24T11:45:02,R_75,33122.2615
1774363504,2026-03-24T11:45:04,R_75,33124.7503
1774363506,2026-03-24T11:45:06,R_75,33130.1709
1774363508,2026-03-24T11:45:08,R_75,33134.3366
1774363510,2026-03-24T11:45:10,R_75,33137.6944
1774363512,2026-03-24T11:45:12,R_75,33142.0879
1774363514,2026-03-24T11:45:14,R_75,33140.9348
1774363516,2026-03-24T11:45:16,R_75,33143.628
1774363518,2026-03-24T11:45:18,R_75,33144.0638
1774363520,2026-03-24T11:45:20,R_75,33148.5251
1774363522,2026-03-24T11:45:22,R_75,33146.0626
1774363524,2026-03-24T11:45:24,R_75,33140.4423
1774363526,2026-03-24T11:45:26,R_75,33139.096
1774363528,2026-03-24T11:45:28,R_75,33142.8523
1774363530,2026-03-24T11:45:30,R_75,33147.1246
1774363532,2026-03-24T11:45:32,R_75,33146.5081
1774363534,2026-03-24T11:45:34,R_75,33154.5321
1774363536,2026-03-24T11:45:36,R_75,33154.3121
1774363538,2026-03-24T11:45:38,R_75,33148.7228
1774363540,2026-03-24T11:45:40,R_75,33146.2483
1774363542,2026-03-24T11:45:42,R_75,33140.2002
1774363544,2026-03-24T11:45:44,R_75,33143.9333
1774363546,2026-03-24T11:45:46,R_75,33155.1301
1774363548,2026-03-24T11:45:48,R_75,33157.1392
1774363550,2026-03-24T11:45:50,R_75,33155.9782
1774363552,2026-03-24T11:45:52,R_75,33149.0922
1774363554,2026-03-24T11:45:54,R_75,33153.0659
1774363556,2026-03-24T11:45:56,R_75,33151.3756
1774363558,2026-03-24T11:45:58,R_75,33151.476
1774363560,2026-03-24T11:46:00,R_75,33156.7841
1774363562,2026-03-24T11:46:02,R_75,33149.0011
1774363564,2026-03-24T11:46:04,R_75,33160.1979
1774363566,2026-03-24T11:46:06,R_75,33163.9955
1774363568,2026-03-24T11:46:08,R_75,33161.9987
1774363570,2026-03-24T11:46:10,R_75,33154.2904
1774363572,2026-03-24T11:46:12,R_75,33160.0648
1774363574,2026-03-24T11:46:14,R_75,33155.7038
1774363576,2026-03-24T11:46:16,R_75,33160.0473
1774363578,2026-03-24T11:46:18,R_75,33157.5153
1774363580,2026-03-24T11:46:20,R_75,33158.0049
1774363582,2026-03-24T11:46:22,R_75,33164.2184
1774363584,2026-03-24T11:46:24,R_75,33163.7847
1774363586,2026-03-24T11:46:26,R_75,33165.4691
1774363588,2026-03-24T11:46:28,R_75,33180.2924
1774363590,2026-03-24T11:46:30,R_75,33189.1995
1774363592,2026-03-24T11:46:32,R_75,33190.9468
1774363594,2026-03-24T11:46:34,R_75,33198.052
1774363596,2026-03-24T11:46:36,R_75,33202.6611
1774363598,2026-03-24T11:46:38,R_75,33205.7584
1774363600,2026-03-24T11:46:40,R_75,33204.1556
1774363602,2026-03-24T11:46:42,R_75,33204.5901
1774363604,2026-03-24T11:46:44,R_75,33213.313
1774363606,2026-03-24T11:46:46,R_75,33205.7168
1774363608,2026-03-24T11:46:48,R_75,33206.3858
1774363610,2026-03-24T11:46:50,R_75,33214.9416
1774363612,2026-03-24T11:46:52,R_75,33222.717
1774363614,2026-03-24T11:46:54,R_75,33223.4858
1774363616,2026-03-24T11:46:56,R_75,33228.9575
1774363618,2026-03-24T11:46:58,R_75,33227.4319
1774363620,2026-03-24T11:47:00,R_75,33243.5025
1774363622,2026-03-24T11:47:02,R_75,33252.599
1774363624,2026-03-24T11:47:04,R_75,33252.6839
1774363626,2026-03-24T11:47:06,R_75,33265.4031
1774363628,2026-03-24T11:47:08,R_75,33260.1317
1774363630,2026-03-24T11:47:10,R_75,33248.0633
1774363632,2026-03-24T11:47:12,R_75,33242.1967
1774363634,2026-03-24T11:47:14,R_75,33249.5363
1774363636,2026-03-24T11:47:16,R_75,33251.1991
1774363638,2026-03-24T11:47:18,R_75,33240.8021
1774363640,2026-03-24T11:47:20,R_75,33229.2412
1774363642,2026-03-24T11:47:22,R_75,33222.0762
1774363644,2026-03-24T11:47:24,R_75,33235.4313
1774363646,2026-03-24T11:47:26,R_75,33243.6499
1774363648,2026-03-24T11:47:28,R_75,33246.2625
1774363650,2026-03-24T11:47:30,R_75,33256.3676
1774363652,2026-03-24T11:47:32,R_75,33255.6728
1774363654,2026-03-24T11:47:34,R_75,33240.2382
1774363656,2026-03-24T11:47:36,R_75,33253.6245
1774363658,2026-03-24T11:47:38,R_75,33249.0672
1774363660,2026-03-24T11:47:40,R_75,33255.0111
1774363662,2026-03-24T11:47:42,R_75,33253.4217
1774363664,2026-03-24T11:47:44,R_75,33249.7006
1774363666,2026-03-24T11:47:46,R_75,33250.0955
1774363668,2026-03-24T11:47:48,R_75,33249.1545
1774363670,2026-03-24T11:47:50,R_75,33242.2926
1774363672,2026-03-24T11:47:52,R_75,33241.8355
1774363674,2026-03-24T11:47:54,R_75,33243.6813
1774363676,2026-03-24T11:47:56,R_75,33237.1899
1774363678,2026-03-24T11:47:58,R_75,33237.5466
1774363680,2026-03-24T11:48:00,R_75,33233.7988
1774363682,2026-03-24T11:48:02,R_75,33238.1464
1774363684,2026-03-24T11:48:04,R_75,33235.7443
1774363686,2026-03-24T11:48:06,R_75,33233.4089
1774363688,2026-03-24T11:48:08,R_75,33236.9175
1774363690,2026-03-24T11:48:10,R_75,33229.9675
1774363692,2026-03-24T11:48:12,R_75,33227.0421
1774363694,2026-03-24T11:48:14,R_75,33222.0457
1774363696,2026-03-24T11:48:16,R_75,33229.1423
1774363698,2026-03-24T11:48:18,R_75,33225.3139
1774363700,2026-03-24T11:48:20,R_75,33231.0592
1774363702,2026-03-24T11:48:22,R_75,33224.2232
1774363704,2026-03-24T11:48:24,R_75,33228.823
1774363706,2026-03-24T11:48:26,R_75,33225.7518
1774363708,2026-03-24T11:48:28,R_75,33238.6126
1774363710,2026-03-24T11:48:30,R_75,33231.7148
1774363712,2026-03-24T11:48:32,R_75,33228.0757
1774363714,2026-03-24T11:48:34,R_75,33220.9986
1774363716,2026-03-24T11:48:36,R_75,33229.0259
1774363718,2026-03-24T11:48:38,R_75,33223.1012
1774363720,2026-03-24T11:48:40,R_75,33222.4708
1774363722,2026-03-24T11:48:42,R_75,33230.9729
1774363724,2026-03-24T11:48:44,R_75,33239.5149
1774363726,2026-03-24T11:48:46,R_75,33245.6498
1774363728,2026-03-24T11:48:48,R_75,33242.7703
1774363730,2026-03-24T11:48:50,R_75,33244.6683
1774363732,2026-03-24T11:48:52,R_75,33234.3644
1774363734,2026-03-24T11:48:54,R_75,33231.9335
1774363736,2026-03-24T11:48:56,R_75,33231.58
1774363738,2026-03-24T11:48:58,R_75,33220.4027
1774363740,2026-03-24T11:49:00,R_75,33219.55
1774363742,2026-03-24T11:49:02,R_75,33214.1899
1774363744,2026-03-24T11:49:04,R_75,33206.8376
1774363746,2026-03-24T11:49:06,R_75,33202.6555
1774363748,2026-03-24T11:49:08,R_75,33202.9416
1774363750,2026-03-24T11:49:10,R_75,33199.0816
1774363752,2026-03-24T11:49:12,R_75,33197.6857
1774363754,2026-03-24T11:49:14,R_75,33198.1653
1774363756,2026-03-24T11:49:16,R_75,33196.0033
1774363758,2026-03-24T11:49:18,R_75,33192.2637
1774363760,2026-03-24T11:49:20,R_75,33190.6925
1774363762,2026-03-24T11:49:22,R_75,33197.1543
1774363764,2026-03-24T11:49:24,R_75,33199.6062
1774363766,2026-03-24T11:49:26,R_75,33202.6438
1774363768,2026-03-24T11:49:28,R_75,33198.2557
1774363770,2026-03-24T11:49:30,R_75,33195.9348
1774363772,2026-03-24T11:49:32,R_75,33198.5894
1774363774,2026-03-24T11:49:34,R_75,33202.6229
1774363776,2026-03-24T11:49:36,R_75,33205.6034
1774363778,2026-03-24T11:49:38,R_75,33199.9474
1774363780,2026-03-24T11:49:40,R_75,33202.3967
1774363782,2026-03-24T11:49:42,R_75,33206.3398
1774363784,2026-03-24T11:49:44,R_75,33207.8702
1774363786,2026-03-24T11:49:46,R_75,33203.7844
1774363788,2026-03-24T11:49:48,R_75,33205.2622
1774363790,2026-03-24T11:49:50,R_75,33207.0623
1774363792,2026-03-24T11:49:52,R_75,33211.5401
1774363794,2026-03-24T11:49:54,R_75,33211.7834
1774363796,2026-03-24T11:49:56,R_75,33203.1162
1774363798,2026-03-24T11:49:58,R_75,33205.3588
1774363800,2026-03-24T11:50:00,R_75,33211.9931
1774363802,2026-03-24T11:50:02,R_75,33212.1954
1774363804,2026-03-24T11:50:04,R_75,33223.666
1774363806,2026-03-24T11:50:06,R_75,33230.1377
1774363808,2026-03-24T11:50:08,R_75,33218.5833
1774363810,2026-03-24T11:50:10,R_75,33219.9872
1774363812,2026-03-24T11:50:12,R_75,33203.8207
1774363814,2026-03-24T11:50:14,R_75,33209.8652
1774363816,2026-03-24T11:50:16,R_75,33213.0607
1774363818,2026-03-24T11:50:18,R_75,33211.6311
1774363820,2026-03-24T11:50:20,R_75,33208.9453
1774363822,2026-03-24T11:50:22,R_75,33200.9926
1774363824,2026-03-24T11:50:24,R_75,33200.2079
1774363826,2026-03-24T11:50:26,R_75,33192.1721
1774363828,2026-03-24T11:50:28,R_75,33198.3901
1774363830,2026-03-24T11:50:30,R_75,33193.6262
1774363832,2026-03-24T11:50:32,R_75,33187.9138
1774363834,2026-03-24T11:50:34,R_75,33191.9911
1774363836,2026-03-24T11:50:36,R_75,33186.7396
1774363838,2026-03-24T11:50:38,R_75,33184.0293
1774363840,2026-03-24T11:50:40,R_75,33179.4283
1774363842,2026-03-24T11:50:42,R_75,33180.7728
1774363844,2026-03-24T11:50:44,R_75,33183.2811
1774363846,2026-03-24T11:50:46,R_75,33190.7986
1774363848,2026-03-24T11:50:48,R_75,33193.4947
1774363850,2026-03-24T11:50:50,R_75,33195.3507
1774363852,2026-03-24T11:50:52,R_75,33195.9975
1774363854,2026-03-24T11:50:54,R_75,33189.1612
1774363856,2026-03-24T11:50:56,R_75,33188.2227
1774363858,2026-03-24T11:50:58,R_75,33189.5595
1774363860,2026-03-24T11:51:00,R_75,33199.0361
1774363862,2026-03-24T11:51:02,R_75,33199.3685
1774363864,2026-03-24T11:51:04,R_75,33204.906
1774363866,2026-03-24T11:51:06,R_75,33219.5642
1774363868,2026-03-24T11:51:08,R_75,33224.0654
1774363870,2026-03-24T11:51:10,R_75,33225.2868
1774363872,2026-03-24T11:51:12,R_75,33209.296
1774363874,2026-03-24T11:51:14,R_75,33201.3457
1774363876,2026-03-24T11:51:16,R_75,33194.8765
1774363878,2026-03-24T11:51:18,R_75,33194.9768
1774363880,2026-03-24T11:51:20,R_75,33202.9649
1774363882,2026-03-24T11:51:22,R_75,33213.4291
1774363884,2026-03-24T11:51:24,R_75,33211.1544
1774363886,2026-03-24T11:51:26,R_75,33215.206
1774363888,2026-03-24T11:51:28,R_75,33230.0993
1774363890,2026-03-24T11:51:30,R_75,33220.4304
1774363892,2026-03-24T11:51:32,R_75,33218.055
1774363894,2026-03-24T11:51:34,R_75,33216.5134
1774363896,2026-03-24T11:51:36,R_75,33207.5674
1774363898,2026-03-24T11:51:38,R_75,33203.7794
1774363900,2026-03-24T11:51:40,R_75,33213.3261
1774363902,2026-03-24T11:51:42,R_75,33210.387
1774363904,2026-03-24T11:51:44,R_75,33217.0531
1774363906,2026-03-24T11:51:46,R_75,33217.8318
1774363908,2026-03-24T11:51:48,R_75,33218.1207
1774363910,2026-03-24T11:51:50,R_75,33219.067
1774363912,2026-03-24T11:51:52,R_75,33220.7442
1774363914,2026-03-24T11:51:54,R_75,33221.6845
1774363916,2026-03-24T11:51:56,R_75,33227.369
1774363918,2026-03-24T11:51:58,R_75,33227.5879
1774363920,2026-03-24T11:52:00,R_75,33232.5156
1774363922,2026-03-24T11:52:02,R_75,33237.7002
1774363924,2026-03-24T11:52:04,R_75,33240.0068
1774363926,2026-03-24T11:52:06,R_75,33246.4608
1774363928,2026-03-24T11:52:08,R_75,33246.3234
1774363930,2026-03-24T11:52:10,R_75,33243.9834
1774363932,2026-03-24T11:52:12,R_75,33249.8207
1774363934,2026-03-24T11:52:14,R_75,33248.0804
1774363936,2026-03-24T11:52:16,R_75,33253.4822
1774363938,2026-03-24T11:52:18,R_75,33260.2287
1774363940,2026-03-24T11:52:20,R_75,33259.2905
1774363942,2026-03-24T11:52:22,R_75,33258.1785
1774363944,2026-03-24T11:52:24,R_75,33259.195
1774363946,2026-03-24T11:52:26,R_75,33255.1515
1774363948,2026-03-24T11:52:28,R_75,33252.7265
1774363950,2026-03-24T11:52:30,R_75,33241.0072
1774363952,2026-03-24T11:52:32,R_75,33238.0827
1774363954,2026-03-24T11:52:34,R_75,33232.9907
1774363956,2026-03-24T11:52:36,R_75,33242.3775
1774363958,2026-03-24T11:52:38,R_75,33228.6699
1774363960,2026-03-24T11:52:40,R_75,33217.6578
1774363962,2026-03-24T11:52:42,R_75,33221.8552
1774363964,2026-03-24T11:52:44,R_75,33233.5318
1774363966,2026-03-24T11:52:46,R_75,33231.9807
1774363968,2026-03-24T11:52:48,R_75,33236.6052
1774363970,2026-03-24T11:52:50,R_75,33232.2642
1774363972,2026-03-24T11:52:52,R_75,33236.7419
1774363974,2026-03-24T11:52:54,R_75,33237.5755
1774363976,2026-03-24T11:52:56,R_75,33251.3604
1774363978,2026-03-24T11:52:58,R_75,33258.7519
1774363980,2026-03-24T11:53:00,R_75,33248.8244
1774363982,2026-03-24T11:53:02,R_75,33247.8896
1774363984,2026-03-24T11:53:04,R_75,33260.5985
1774363986,2026-03-24T11:53:06,R_75,33257.8151
1774363988,2026-03-24T11:53:08,R_75,33261.017
1774363990,2026-03-24T11:53:10,R_75,33263.6065
1774363992,2026-03-24T11:53:12,R_75,33266.7615
1774363994,2026-03-24T11:53:14,R_75,33264.6675
1774363996,2026-03-24T11:53:16,R_75,33256.7407
1774363998,2026-03-24T11:53:18,R_75,33250.3787
1774364000,2026-03-24T11:53:20,R_75,33257.1777
1774364002,2026-03-24T11:53:22,R_75,33247.7782
1774364004,2026-03-24T11:53:24,R_75,33242.2601
1774364006,2026-03-24T11:53:26,R_75,33241.5429
1774364008,2026-03-24T11:53:28,R_75,33237.8793
1774364010,2026-03-24T11:53:30,R_75,33242.9226
1774364012,2026-03-24T11:53:32,R_75,33247.0098
1774364014,2026-03-24T11:53:34,R_75,33244.0591
1774364016,2026-03-24T11:53:36,R_75,33253.3717
1774364018,2026-03-24T11:53:38,R_75,33261.2315
1774364020,2026-03-24T11:53:40,R_75,33247.8049
1774364022,2026-03-24T11:53:42,R_75,33248.1854
1774364024,2026-03-24T11:53:44,R_75,33249.8535
1774364026,2026-03-24T11:53:46,R_75,33250.7463
1774364028,2026-03-24T11:53:48,R_75,33246.2288
1774364030,2026-03-24T11:53:50,R_75,33240.9345
1774364032,2026-03-24T11:53:52,R_75,33243.2656
1774364034,2026-03-24T11:53:54,R_75,33245.261
1774364036,2026-03-24T11:53:56,R_75,33244.525
1774364038,2026-03-24T11:53:58,R_75,33239.5641
1774364040,2026-03-24T11:54:00,R_75,33243.0729
1774364042,2026-03-24T11:54:02,R_75,33243.1818
1774364044,2026-03-24T11:54:04,R_75,33238.9325
1774364046,2026-03-24T11:54:06,R_75,33247.6591
1774364048,2026-03-24T11:54:08,R_75,33249.1102
1774364050,2026-03-24T11:54:10,R_75,33251.0926
1774364052,2026-03-24T11:54:12,R_75,33254.1691
1774364054,2026-03-24T11:54:14,R_75,33264.9378
1774364056,2026-03-24T11:54:16,R_75,33254.9254
1774364058,2026-03-24T11:54:18,R_75,33257.8882
1774364060,2026-03-24T11:54:20,R_75,33251.9734
1774364062,2026-03-24T11:54:22,R_75,33247.0376
1774364064,2026-03-24T11:54:24,R_75,33245.9842
1774364066,2026-03-24T11:54:26,R_75,33227.2329
1774364068,2026-03-24T11:54:28,R_75,33216.2012
1774364070,2026-03-24T11:54:30,R_75,33211.8762
1774364072,2026-03-24T11:54:32,R_75,33204.3406
1774364074,2026-03-24T11:54:34,R_75,33211.9314
1774364076,2026-03-24T11:54:36,R_75,33216.6908
1774364078,2026-03-24T11:54:38,R_75,33222.3601
1774364080,2026-03-24T11:54:40,R_75,33222.7646
1774364082,2026-03-24T11:54:42,R_75,33216.5807
1774364084,2026-03-24T11:54:44,R_75,33217.8729
1774364086,2026-03-24T11:54:46,R_75,33216.1393
1774364088,2026-03-24T11:54:48,R_75,33208.5135
1774364090,2026-03-24T11:54:50,R_75,33213.6916
1774364092,2026-03-24T11:54:52,R_75,33212.7108
1774364094,2026-03-24T11:54:54,R_75,33211.7995
1774364096,2026-03-24T11:54:56,R_75,33208.5406
1774364098,2026-03-24T11:54:58,R_75,33197.3279
1774364100,2026-03-24T11:55:00,R_75,33202.8067
1774364102,2026-03-24T11:55:02,R_75,33205.4951
1774364104,2026-03-24T11:55:04,R_75,33197.2014
1774364106,2026-03-24T11:55:06,R_75,33202.124
1774364108,2026-03-24T11:55:08,R_75,33202.8525
1774364110,2026-03-24T11:55:10,R_75,33216.3674
1774364112,2026-03-24T11:55:12,R_75,33225.3267
1774364114,2026-03-24T11:55:14,R_75,33219.4117
1774364116,2026-03-24T11:55:16,R_75,33217.3392
1774364118,2026-03-24T11:55:18,R_75,33219.1565
1774364120,2026-03-24T11:55:20,R_75,33209.3507
1774364122,2026-03-24T11:55:22,R_75,33211.6104
1774364124,2026-03-24T11:55:24,R_75,33215.5622
1774364126,2026-03-24T11:55:26,R_75,33210.0298
1774364128,2026-03-24T11:55:28,R_75,33213.0003
1774364130,2026-03-24T11:55:30,R_75,33214.9977
1774364132,2026-03-24T11:55:32,R_75,33213.5623
1774364134,2026-03-24T11:55:34,R_75,33201.9503
1774364136,2026-03-24T11:55:36,R_75,33200.6366
1774364138,2026-03-24T11:55:38,R_75,33194.3884
1774364140,2026-03-24T11:55:40,R_75,33203.4133
1774364142,2026-03-24T11:55:42,R_75,33207.7452
1774364144,2026-03-24T11:55:44,R_75,33198.66
1774364146,2026-03-24T11:55:46,R_75,33192.4537
1774364148,2026-03-24T11:55:48,R_75,33197.2689
1774364150,2026-03-24T11:55:50,R_75,33202.908
1774364152,2026-03-24T11:55:52,R_75,33205.0378
1774364154,2026-03-24T11:55:54,R_75,33206.7462
1774364156,2026-03-24T11:55:56,R_75,33210.1835
1774364158,2026-03-24T11:55:58,R_75,33213.9948
1774364160,2026-03-24T11:56:00,R_75,33215.4849
1774364162,2026-03-24T11:56:02,R_75,33219.3123
1774364164,2026-03-24T11:56:04,R_75,33214.587
1774364166,2026-03-24T11:56:06,R_75,33219.0693
1774364168,2026-03-24T11:56:08,R_75,33212.6918
1774364170,2026-03-24T11:56:10,R_75,33216.0668
1774364172,2026-03-24T11:56:12,R_75,33222.2515
1774364174,2026-03-24T11:56:14,R_75,33223.7877
1774364176,2026-03-24T11:56:16,R_75,33222.7466
1774364178,2026-03-24T11:56:18,R_75,33228.66
1774364180,2026-03-24T11:56:20,R_75,33223.4888
1774364182,2026-03-24T11:56:22,R_75,33235.9474
1774364184,2026-03-24T11:56:24,R_75,33228.3898
1774364186,2026-03-24T11:56:26,R_75,33224.4526
1774364188,2026-03-24T11:56:28,R_75,33224.6101
1774364190,2026-03-24T11:56:30,R_75,33227.6845
1774364192,2026-03-24T11:56:32,R_75,33229.1933
1774364194,2026-03-24T11:56:34,R_75,33227.5988
1774364196,2026-03-24T11:56:36,R_75,33226.6243
1774364198,2026-03-24T11:56:38,R_75,33214.0834
1774364200,2026-03-24T11:56:40,R_75,33207.4394
1774364202,2026-03-24T11:56:42,R_75,33205.0735
1774364204,2026-03-24T11:56:44,R_75,33206.2112
1774364206,2026-03-24T11:56:46,R_75,33209.8887
1774364208,2026-03-24T11:56:48,R_75,33220.6466
1774364210,2026-03-24T11:56:50,R_75,33221.643
1774364212,2026-03-24T11:56:52,R_75,33222.4887
1774364214,2026-03-24T11:56:54,R_75,33222.5158
1774364216,2026-03-24T11:56:56,R_75,33226.3333
1774364218,2026-03-24T11:56:58,R_75,33226.5791
1774364220,2026-03-24T11:57:00,R_75,33216.7208
1774364222,2026-03-24T11:57:02,R_75,33223.7419
1774364224,2026-03-24T11:57:04,R_75,33220.3274
1774364226,2026-03-24T11:57:06,R_75,33204.803
1774364228,2026-03-24T11:57:08,R_75,33203.5357
1774364230,2026-03-24T11:57:10,R_75,33187.5309
1774364232,2026-03-24T11:57:12,R_75,33193.2033
1774364234,2026-03-24T11:57:14,R_75,33191.3833
1774364236,2026-03-24T11:57:16,R_75,33194.4863
1774364238,2026-03-24T11:57:18,R_75,33184.2277
1774364240,2026-03-24T11:57:20,R_75,33187.0961
1774364242,2026-03-24T11:57:22,R_75,33186.8271
1774364244,2026-03-24T11:57:24,R_75,33194.3295
1774364246,2026-03-24T11:57:26,R_75,33184.5349
1774364248,2026-03-24T11:57:28,R_75,33181.0051
1774364250,2026-03-24T11:57:30,R_75,33181.8958
1774364252,2026-03-24T11:57:32,R_75,33175.8201
1774364254,2026-03-24T11:57:34,R_75,33179.1546
1774364256,2026-03-24T11:57:36,R_75,33177.5917
1774364258,2026-03-24T11:57:38,R_75,33171.0303
1774364260,2026-03-24T11:57:40,R_75,33178.3243
1774364262,2026-03-24T11:57:42,R_75,33176.7112
1774364264,2026-03-24T11:57:44,R_75,33171.3774
1774364266,2026-03-24T11:57:46,R_75,33172.0755
1774364268,2026-03-24T11:57:48,R_75,33157.4694
1774364270,2026-03-24T11:57:50,R_75,33155.4868
1774364272,2026-03-24T11:57:52,R_75,33158.865
1774364274,2026-03-24T11:57:54,R_75,33155.3948
1774364276,2026-03-24T11:57:56,R_75,33153.6269
1774364278,2026-03-24T11:57:58,R_75,33151.3655
1774364280,2026-03-24T11:58:00,R_75,33158.3436
1774364282,2026-03-24T11:58:02,R_75,33153.0441
1774364284,2026-03-24T11:58:04,R_75,33163.7276
1774364286,2026-03-24T11:58:06,R_75,33157.016
1774364288,2026-03-24T11:58:08,R_75,33161.8789
1774364290,2026-03-24T11:58:10,R_75,33171.9757
1774364292,2026-03-24T11:58:12,R_75,33168.9781
1774364294,2026-03-24T11:58:14,R_75,33171.8022
1774364296,2026-03-24T11:58:16,R_75,33158.9053
1774364298,2026-03-24T11:58:18,R_75,33156.8243
1774364300,2026-03-24T11:58:20,R_75,33165.5335
1774364302,2026-03-24T11:58:22,R_75,33167.576
1774364304,2026-03-24T11:58:24,R_75,33169.5704
1774364306,2026-03-24T11:58:26,R_75,33176.5254
1774364308,2026-03-24T11:58:28,R_75,33176.4556
1774364310,2026-03-24T11:58:30,R_75,33180.2127
1774364312,2026-03-24T11:58:32,R_75,33192.6294
1774364314,2026-03-24T11:58:34,R_75,33200.3883
1774364316,2026-03-24T11:58:36,R_75,33200.7664
1774364318,2026-03-24T11:58:38,R_75,33204.1399
1774364320,2026-03-24T11:58:40,R_75,33204.2439
1774364322,2026-03-24T11:58:42,R_75,33199.6438
1774364324,2026-03-24T11:58:44,R_75,33199.3866
1774364326,2026-03-24T11:58:46,R_75,33193.8735
1774364328,2026-03-24T11:58:48,R_75,33193.3621
1774364330,2026-03-24T11:58:50,R_75,33183.4519
1774364332,2026-03-24T11:58:52,R_75,33178.668
1774364334,2026-03-24T11:58:54,R_75,33182.0014
1774364336,2026-03-24T11:58:56,R_75,33188.0507
1774364338,2026-03-24T11:58:58,R_75,33195.6974
1774364340,2026-03-24T11:59:00,R_75,33199.8759
1774364342,2026-03-24T11:59:02,R_75,33208.8653
1774364344,2026-03-24T11:59:04,R_75,33209.9552
1774364346,2026-03-24T11:59:06,R_75,33216.8332
1774364348,2026-03-24T11:59:08,R_75,33225.7134
1774364350,2026-03-24T11:59:10,R_75,33228.7089
1774364352,2026-03-24T11:59:12,R_75,33227.0409
1774364354,2026-03-24T11:59:14,R_75,33223.1887
1774364356,2026-03-24T11:59:16,R_75,33213.4097
1774364358,2026-03-24T11:59:18,R_75,33201.015
1774364360,2026-03-24T11:59:20,R_75,33208.7599
1774364362,2026-03-24T11:59:22,R_75,33199.0905
1774364364,2026-03-24T11:59:24,R_75,33194.7197
1774364366,2026-03-24T11:59:26,R_75,33190.093
1774364368,2026-03-24T11:59:28,R_75,33193.2298
1774364370,2026-03-24T11:59:30,R_75,33191.6442
1774364372,2026-03-24T11:59:32,R_75,33190.9784
1774364374,2026-03-24T11:59:34,R_75,33200.563
1774364376,2026-03-24T11:59:36,R_75,33208.1282
1774364378,2026-03-24T11:59:38,R_75,33210.8237
1774364380,2026-03-24T11:59:40,R_75,33212.7304
1774364382,2026-03-24T11:59:42,R_75,33219.0433
1774364384,2026-03-24T11:59:44,R_75,33225.2294
1774364386,2026-03-24T11:59:46,R_75,33226.5836
1774364388,2026-03-24T11:59:48,R_75,33229.8758
1774364390,2026-03-24T11:59:50,R_75,33221.6997
1774364392,2026-03-24T11:59:52,R_75,33220.4018
1774364394,2026-03-24T11:59:54,R_75,33217.8579
1774364396,2026-03-24T11:59:56,R_75,33218.6213
1774364398,2026-03-24T11:59:58,R_75,33215.7499
1774364400,2026-03-24T12:00:00,R_75,33222.7297
1774364402,2026-03-24T12:00:02,R_75,33220.0745
1774364404,2026-03-24T12:00:04,R_75,33216.2897
1774364406,2026-03-24T12:00:06,R_75,33217.6184
1774364408,2026-03-24T12:00:08,R_75,33216.3805
1774364410,2026-03-24T12:00:10,R_75,33223.9923
1774364412,2026-03-24T12:00:12,R_75,33223.311
1774364414,2026-03-24T12:00:14,R_75,33215.5599
1774364416,2026-03-24T12:00:16,R_75,33221.1643
1774364418,2026-03-24T12:00:18,R_75,33219.6216
1774364420,2026-03-24T12:00:20,R_75,33214.317
1774364422,2026-03-24T12:00:22,R_75,33216.7677
1774364424,2026-03-24T12:00:24,R_75,33217.959
1774364426,2026-03-24T12:00:26,R_75,33206.0221
1774364428,2026-03-24T12:00:28,R_75,33211.4315
1774364430,2026-03-24T12:00:30,R_75,33213.6277
1774364432,2026-03-24T12:00:32,R_75,33214.5237
1774364434,2026-03-24T12:00:34,R_75,33224.9089
1774364436,2026-03-24T12:00:36,R_75,33227.317
1774364438,2026-03-24T12:00:38,R_75,33227.7486
1774364440,2026-03-24T12:00:40,R_75,33230.9264
1774364442,2026-03-24T12:00:42,R_75,33236.0908
1774364444,2026-03-24T12:00:44,R_75,33237.2838
1774364446,2026-03-24T12:00:46,R_75,33230.3422
1774364448,2026-03-24T12:00:48,R_75,33224.4781
1774364450,2026-03-24T12:00:50,R_75,33223.5622
1774364452,2026-03-24T12:00:52,R_75,33222.584
1774364454,2026-03-24T12:00:54,R_75,33213.6948
1774364456,2026-03-24T12:00:56,R_75,33223.4602
1774364458,2026-03-24T12:00:58,R_75,33215.421
1774364460,2026-03-24T12:01:00,R_75,33228.7912
1774364462,2026-03-24T12:01:02,R_75,33240.7209
1774364464,2026-03-24T12:01:04,R_75,33244.3632
1774364466,2026-03-24T12:01:06,R_75,33231.6728
1774364468,2026-03-24T12:01:08,R_75,33230.3359
1774364470,2026-03-24T12:01:10,R_75,33225.9359
1774364472,2026-03-24T12:01:12,R_75,33228.5906
1774364474,2026-03-24T12:01:14,R_75,33227.797
1774364476,2026-03-24T12:01:16,R_75,33225.6166
1774364478,2026-03-24T12:01:18,R_75,33227.32
1774364480,2026-03-24T12:01:20,R_75,33224.808
1774364482,2026-03-24T12:01:22,R_75,33217.0121
1774364484,2026-03-24T12:01:24,R_75,33212.7905
1774364486,2026-03-24T12:01:26,R_75,33207.1531
1774364488,2026-03-24T12:01:28,R_75,33218.1246
1774364490,2026-03-24T12:01:30,R_75,33214.9307
1774364492,2026-03-24T12:01:32,R_75,33208.9453
1774364494,2026-03-24T12:01:34,R_75,33208.1544
1774364496,2026-03-24T12:01:36,R_75,33198.2246
1774364498,2026-03-24T12:01:38,R_75,33197.513
1774364500,2026-03-24T12:01:40,R_75,33203.2656
1774364502,2026-03-24T12:01:42,R_75,33209.1564
1774364504,2026-03-24T12:01:44,R_75,33209.176
1774364506,2026-03-24T12:01:46,R_75,33203.7161
1774364508,2026-03-24T12:01:48,R_75,33205.4739
1774364510,2026-03-24T12:01:50,R_75,33201.6509
1774364512,2026-03-24T12:01:52,R_75,33207.1504
1774364514,2026-03-24T12:01:54,R_75,33201.956
1774364516,2026-03-24T12:01:56,R_75,33204.7175
1774364518,2026-03-24T12:01:58,R_75,33196.6124
1774364520,2026-03-24T12:02:00,R_75,33191.4855
1774364522,2026-03-24T12:02:02,R_75,33191.0345
1774364524,2026-03-24T12:02:04,R_75,33188.2343
1774364526,2026-03-24T12:02:06,R_75,33193.6126
1774364528,2026-03-24T12:02:08,R_75,33193.0805
1774364530,2026-03-24T12:02:10,R_75,33194.5272
1774364532,2026-03-24T12:02:12,R_75,33196.5356
1774364534,2026-03-24T12:02:14,R_75,33191.0407
1774364536,2026-03-24T12:02:16,R_75,33194.1574
1774364538,2026-03-24T12:02:18,R_75,33196.7227
1774364540,2026-03-24T12:02:20,R_75,33187.9523
1774364542,2026-03-24T12:02:22,R_75,33182.4177
1774364544,2026-03-24T12:02:24,R_75,33190.2449
1774364546,2026-03-24T12:02:26,R_75,33195.6613
1774364548,2026-03-24T12:02:28,R_75,33200.9886
1774364550,2026-03-24T12:02:30,R_75,33194.5527
1774364552,2026-03-24T12:02:32,R_75,33194.136
1774364554,2026-03-24T12:02:34,R_75,33199.2066
1774364556,2026-03-24T12:02:36,R_75,33199.4076
1774364558,2026-03-24T12:02:38,R_75,33197.5877
1774364560,2026-03-24T12:02:40,R_75,33196.7592
1774364562,2026-03-24T12:02:42,R_75,33197.8491
1774364564,2026-03-24T12:02:44,R_75,33193.4044
1774364566,2026-03-24T12:02:46,R_75,33182.455
1774364568,2026-03-24T12:02:48,R_75,33186.3127
1774364570,2026-03-24T12:02:50,R_75,33189.9102
1774364572,2026-03-24T12:02:52,R_75,33185.0171
1774364574,2026-03-24T12:02:54,R_75,33184.7404
1774364576,2026-03-24T12:02:56,R_75,33180.7228
1774364578,2026-03-24T12:02:58,R_75,33180.1809
1774364580,2026-03-24T12:03:00,R_75,33174.1911
1774364582,2026-03-24T12:03:02,R_75,33169.8355
1774364584,2026-03-24T12:03:04,R_75,33168.052
1774364586,2026-03-24T12:03:06,R_75,33167.651
1774364588,2026-03-24T12:03:08,R_75,33168.9553
1774364590,2026-03-24T12:03:10,R_75,33160.6889
1774364592,2026-03-24T12:03:12,R_75,33164.1652
1774364594,2026-03-24T12:03:14,R_75,33164.8363
1774364596,2026-03-24T12:03:16,R_75,33173.0309
1774364598,2026-03-24T12:03:18,R_75,33169.2523
1774364600,2026-03-24T12:03:20,R_75,33163.9462
1774364602,2026-03-24T12:03:22,R_75,33155.7676
1774364604,2026-03-24T12:03:24,R_75,33157.6292
1774364606,2026-03-24T12:03:26,R_75,33157.6437
1774364608,2026-03-24T12:03:28,R_75,33165.2024
1774364610,2026-03-24T12:03:30,R_75,33167.2292
1774364612,2026-03-24T12:03:32,R_75,33183.0753
1774364614,2026-03-24T12:03:34,R_75,33185.7788
1774364616,2026-03-24T12:03:36,R_75,33197.3417
1774364618,2026-03-24T12:03:38,R_75,33198.8232
1774364620,2026-03-24T12:03:40,R_75,33198.5937
1774364622,2026-03-24T12:03:42,R_75,33196.9444
1774364624,2026-03-24T12:03:44,R_75,33203.3064
1774364626,2026-03-24T12:03:46,R_75,33198.2887
1774364628,2026-03-24T12:03:48,R_75,33211.187
1774364630,2026-03-24T12:03:50,R_75,33213.5906
1774364632,2026-03-24T12:03:52,R_75,33214.127
1774364634,2026-03-24T12:03:54,R_75,33205.26
1774364636,2026-03-24T12:03:56,R_75,33198.9921
1774364638,2026-03-24T12:03:58,R_75,33200.2337
1774364640,2026-03-24T12:04:00,R_75,33197.5107
1774364642,2026-03-24T12:04:02,R_75,33188.7426
1774364644,2026-03-24T12:04:04,R_75,33188.0399
1774364646,2026-03-24T12:04:06,R_75,33195.2116
1774364648,2026-03-24T12:04:08,R_75,33192.1332
1774364650,2026-03-24T12:04:10,R_75,33189.8016
1774364652,2026-03-24T12:04:12,R_75,33197.037
1774364654,2026-03-24T12:04:14,R_75,33195.1961
1774364656,2026-03-24T12:04:16,R_75,33198.8189
1774364658,2026-03-24T12:04:18,R_75,33194.9636
1774364660,2026-03-24T12:04:20,R_75,33192.5585
1774364662,2026-03-24T12:04:22,R_75,33191.7126
1774364664,2026-03-24T12:04:24,R_75,33192.5827
1774364666,2026-03-24T12:04:26,R_75,33200.4289
1774364668,2026-03-24T12:04:28,R_75,33202.5957
1774364670,2026-03-24T12:04:30,R_75,33205.3561
1774364672,2026-03-24T12:04:32,R_75,33204.667
1774364674,2026-03-24T12:04:34,R_75,33191.8961
1774364676,2026-03-24T12:04:36,R_75,33198.6433
1774364678,2026-03-24T12:04:38,R_75,33190.4486
1774364680,2026-03-24T12:04:40,R_75,33196.0205
1774364682,2026-03-24T12:04:42,R_75,33187.7108
1774364684,2026-03-24T12:04:44,R_75,33182.3115
1774364686,2026-03-24T12:04:46,R_75,33180.7875
1774364688,2026-03-24T12:04:48,R_75,33188.767
1774364690,2026-03-24T12:04:50,R_75,33203.4443
1774364692,2026-03-24T12:04:52,R_75,33191.766
1774364694,2026-03-24T12:04:54,R_75,33177.9948
1774364696,2026-03-24T12:04:56,R_75,33181.8528
1774364698,2026-03-24T12:04:58,R_75,33182.7686
1774364700,2026-03-24T12:05:00,R_75,33180.4823
1774364702,2026-03-24T12:05:02,R_75,33168.5883
1774364704,2026-03-24T12:05:04,R_75,33159.9886
1774364706,2026-03-24T12:05:06,R_75,33159.3924
1774364708,2026-03-24T12:05:08,R_75,33151.5195
1774364710,2026-03-24T12:05:10,R_75,33154.0202
1774364712,2026-03-24T12:05:12,R_75,33155.6659
1774364714,2026-03-24T12:05:14,R_75,33158.6791
1774364716,2026-03-24T12:05:16,R_75,33171.4417
1774364718,2026-03-24T12:05:18,R_75,33175.9174
1774364720,2026-03-24T12:05:20,R_75,33166.1865
1774364722,2026-03-24T12:05:22,R_75,33164.2845
1774364724,2026-03-24T12:05:24,R_75,33154.8499
1774364726,2026-03-24T12:05:26,R_75,33148.4929
1774364728,2026-03-24T12:05:28,R_75,33152.4029
1774364730,2026-03-24T12:05:30,R_75,33155.3161
1774364732,2026-03-24T12:05:32,R_75,33148.4231
1774364734,2026-03-24T12:05:34,R_75,33164.3525
1774364736,2026-03-24T12:05:36,R_75,33157.5849
1774364738,2026-03-24T12:05:38,R_75,33142.2333
1774364740,2026-03-24T12:05:40,R_75,33148.0528
1774364742,2026-03-24T12:05:42,R_75,33137.3913
1774364744,2026-03-24T12:05:44,R_75,33138.9987
1774364746,2026-03-24T12:05:46,R_75,33138.6511
1774364748,2026-03-24T12:05:48,R_75,33132.8319
1774364750,2026-03-24T12:05:50,R_75,33135.2187
1774364752,2026-03-24T12:05:52,R_75,33132.2693
1774364754,2026-03-24T12:05:54,R_75,33133.4381
1774364756,2026-03-24T12:05:56,R_75,33124.5335
1774364758,2026-03-24T12:05:58,R_75,33132.4212
1774364760,2026-03-24T12:06:00,R_75,33129.9789
1774364762,2026-03-24T12:06:02,R_75,33132.8289
1774364764,2026-03-24T12:06:04,R_75,33136.915
1774364766,2026-03-24T12:06:06,R_75,33129.3337
1774364768,2026-03-24T12:06:08,R_75,33127.0148
1774364770,2026-03-24T12:06:10,R_75,33139.6692
1774364772,2026-03-24T12:06:12,R_75,33147.2366
1774364774,2026-03-24T12:06:14,R_75,33147.8107
1774364776,2026-03-24T12:06:16,R_75,33151.2841
1774364778,2026-03-24T12:06:18,R_75,33163.974
1774364780,2026-03-24T12:06:20,R_75,33161.1648
1774364782,2026-03-24T12:06:22,R_75,33160.5682
1774364784,2026-03-24T12:06:24,R_75,33152.4506
1774364786,2026-03-24T12:06:26,R_75,33149.709
1774364788,2026-03-24T12:06:28,R_75,33152.3399
1774364790,2026-03-24T12:06:30,R_75,33153.6253
1774364792,2026-03-24T12:06:32,R_75,33156.9221
1774364794,2026-03-24T12:06:34,R_75,33172.1054
1774364796,2026-03-24T12:06:36,R_75,33171.397
1774364798,2026-03-24T12:06:38,R_75,33186.1218
1774364800,2026-03-24T12:06:40,R_75,33184.2524
1774364802,2026-03-24T12:06:42,R_75,33183.8545
1774364804,2026-03-24T12:06:44,R_75,33185.1507
1774364806,2026-03-24T12:06:46,R_75,33180.8908
1774364808,2026-03-24T12:06:48,R_75,33188.124
1774364810,2026-03-24T12:06:50,R_75,33172.8945
1774364812,2026-03-24T12:06:52,R_75,33171.1068
1774364814,2026-03-24T12:06:54,R_75,33167.3641
1774364816,2026-03-24T12:06:56,R_75,33172.7303
1774364818,2026-03-24T12:06:58,R_75,33176.8039
1774364820,2026-03-24T12:07:00,R_75,33178.1546
1774364822,2026-03-24T12:07:02,R_75,33177.6609
1774364824,2026-03-24T12:07:04,R_75,33173.3552
1774364826,2026-03-24T12:07:06,R_75,33163.8813
1774364828,2026-03-24T12:07:08,R_75,33166.4474
1774364830,2026-03-24T12:07:10,R_75,33161.1734
1774364832,2026-03-24T12:07:12,R_75,33154.9402
1774364834,2026-03-24T12:07:14,R_75,33146.0667
1774364836,2026-03-24T12:07:16,R_75,33151.8559
1774364838,2026-03-24T12:07:18,R_75,33148.3569
1774364840,2026-03-24T12:07:20,R_75,33138.1596
1774364842,2026-03-24T12:07:22,R_75,33149.9074
1774364844,2026-03-24T12:07:24,R_75,33160.0576
1774364846,2026-03-24T12:07:26,R_75,33174.3978
1774364848,2026-03-24T12:07:28,R_75,33176.7823
1774364850,2026-03-24T12:07:30,R_75,33167.639
1774364852,2026-03-24T12:07:32,R_75,33161.0072
1774364854,2026-03-24T12:07:34,R_75,33173.4834
1774364856,2026-03-24T12:07:36,R_75,33175.3724
1774364858,2026-03-24T12:07:38,R_75,33183.802
1774364860,2026-03-24T12:07:40,R_75,33176.059
1774364862,2026-03-24T12:07:42,R_75,33169.8852
1774364864,2026-03-24T12:07:44,R_75,33177.9833
1774364866,2026-03-24T12:07:46,R_75,33180.3101
1774364868,2026-03-24T12:07:48,R_75,33179.2351
1774364870,2026-03-24T12:07:50,R_75,33188.3096
1774364872,2026-03-24T12:07:52,R_75,33185.2371
1774364874,2026-03-24T12:07:54,R_75,33179.8052
1774364876,2026-03-24T12:07:56,R_75,33181.2392
1774364878,2026-03-24T12:07:58,R_75,33176.7026
1774364880,2026-03-24T12:08:00,R_75,33171.294
1774364882,2026-03-24T12:08:02,R_75,33172.3041
1774364884,2026-03-24T12:08:04,R_75,33163.2698
1774364886,2026-03-24T12:08:06,R_75,33155.3902
1774364888,2026-03-24T12:08:08,R_75,33153.1744
1774364890,2026-03-24T12:08:10,R_75,33151.6996
1774364892,2026-03-24T12:08:12,R_75,33153.0271
1774364894,2026-03-24T12:08:14,R_75,33148.2502
1774364896,2026-03-24T12:08:16,R_75,33157.3892
1774364898,2026-03-24T12:08:18,R_75,33155.9931
1774364900,2026-03-24T12:08:20,R_75,33161.2149
1774364902,2026-03-24T12:08:22,R_75,33166.134
1774364904,2026-03-24T12:08:24,R_75,33163.0359
1774364906,2026-03-24T12:08:26,R_75,33157.6431
1774364908,2026-03-24T12:08:28,R_75,33151.5278
1774364910,2026-03-24T12:08:30,R_75,33152.8059
1774364912,2026-03-24T12:08:32,R_75,33151.0717
1774364914,2026-03-24T12:08:34,R_75,33159.5454
1774364916,2026-03-24T12:08:36,R_75,33171.9436
1774364918,2026-03-24T12:08:38,R_75,33174.1469
1774364920,2026-03-24T12:08:40,R_75,33172.7202
1774364922,2026-03-24T12:08:42,R_75,33178.3465
1774364924,2026-03-24T12:08:44,R_75,33174.1278
1774364926,2026-03-24T12:08:46,R_75,33172.2292
1774364928,2026-03-24T12:08:48,R_75,33172.1043
1774364930,2026-03-24T12:08:50,R_75,33178.0089
1774364932,2026-03-24T12:08:52,R_75,33173.8367
1774364934,2026-03-24T12:08:54,R_75,33168.7438
1774364936,2026-03-24T12:08:56,R_75,33163.0195
1774364938,2026-03-24T12:08:58,R_75,33174.8755
1774364940,2026-03-24T12:09:00,R_75,33184.7707
1774364942,2026-03-24T12:09:02,R_75,33193.5758
1774364944,2026-03-24T12:09:04,R_75,33190.3563
1774364946,2026-03-24T12:09:06,R_75,33193.0099
1774364948,2026-03-24T12:09:08,R_75,33198.3891
1774364950,2026-03-24T12:09:10,R_75,33198.8626
1774364952,2026-03-24T12:09:12,R_75,33203.3376
1774364954,2026-03-24T12:09:14,R_75,33207.1831
1774364956,2026-03-24T12:09:16,R_75,33207.6161
1774364958,2026-03-24T12:09:18,R_75,33202.0408
1774364960,2026-03-24T12:09:20,R_75,33188.8402
1774364962,2026-03-24T12:09:22,R_75,33186.7206
1774364964,2026-03-24T12:09:24,R_75,33186.5898
1774364966,2026-03-24T12:09:26,R_75,33181.2963
1774364968,2026-03-24T12:09:28,R_75,33175.5333
1774364970,2026-03-24T12:09:30,R_75,33177.662
1774364972,2026-03-24T12:09:32,R_75,33172.7427
1774364974,2026-03-24T12:09:34,R_75,33173.4735
1774364976,2026-03-24T12:09:36,R_75,33178.801
1774364978,2026-03-24T12:09:38,R_75,33179.7115
1774364980,2026-03-24T12:09:40,R_75,33172.8038
1774364982,2026-03-24T12:09:42,R_75,33186.515
1774364984,2026-03-24T12:09:44,R_75,33183.917
1774364986,2026-03-24T12:09:46,R_75,33181.6506
1774364988,2026-03-24T12:09:48,R_75,33194.7616
1774364990,2026-03-24T12:09:50,R_75,33193.1203
1774364992,2026-03-24T12:09:52,R_75,33193.3716
1774364994,2026-03-24T12:09:54,R_75,33207.0087
1774364996,2026-03-24T12:09:56,R_75,33216.2246
1774364998,2026-03-24T12:09:58,R_75,33224.269
1774365000,2026-03-24T12:10:00,R_75,33217.9287
1774365002,2026-03-24T12:10:02,R_75,33211.8779
1774365004,2026-03-24T12:10:04,R_75,33214.0856
1774365006,2026-03-24T12:10:06,R_75,33207.2302
1774365008,2026-03-24T12:10:08,R_75,33195.2517
1774365010,2026-03-24T12:10:10,R_75,33207.7847
1774365012,2026-03-24T12:10:12,R_75,33219.4232
1774365014,2026-03-24T12:10:14,R_75,33221.3772
1774365016,2026-03-24T12:10:16,R_75,33230.596
1774365018,2026-03-24T12:10:18,R_75,33223.6845
1774365020,2026-03-24T12:10:20,R_75,33222.2217
1774365022,2026-03-24T12:10:22,R_75,33222.681
1774365024,2026-03-24T12:10:24,R_75,33209.8858
1774365026,2026-03-24T12:10:26,R_75,33207.1399
1774365028,2026-03-24T12:10:28,R_75,33207.1393
1774365030,2026-03-24T12:10:30,R_75,33203.6562
1774365032,2026-03-24T12:10:32,R_75,33194.9271
1774365034,2026-03-24T12:10:34,R_75,33200.1613
1774365036,2026-03-24T12:10:36,R_75,33199.4854
1774365038,2026-03-24T12:10:38,R_75,33201.9739
1774365040,2026-03-24T12:10:40,R_75,33199.2855
1774365042,2026-03-24T12:10:42,R_75,33203.8825
1774365044,2026-03-24T12:10:44,R_75,33209.6454
1774365046,2026-03-24T12:10:46,R_75,33204.2782
1774365048,2026-03-24T12:10:48,R_75,33199.6131
1774365050,2026-03-24T12:10:50,R_75,33199.4849
1774365052,2026-03-24T12:10:52,R_75,33201.6042
1774365054,2026-03-24T12:10:54,R_75,33196.1259
1774365056,2026-03-24T12:10:56,R_75,33184.9109
1774365058,2026-03-24T12:10:58,R_75,33172.1418
1774365060,2026-03-24T12:11:00,R_75,33170.988
1774365062,2026-03-24T12:11:02,R_75,33169.7503
1774365064,2026-03-24T12:11:04,R_75,33179.7487
1774365066,2026-03-24T12:11:06,R_75,33179.3414
1774365068,2026-03-24T12:11:08,R_75,33175.5311
1774365070,2026-03-24T12:11:10,R_75,33176.7367
1774365072,2026-03-24T12:11:12,R_75,33169.1241
1774365074,2026-03-24T12:11:14,R_75,33171.8496
1774365076,2026-03-24T12:11:16,R_75,33166.0643
1774365078,2026-03-24T12:11:18,R_75,33162.4813
1774365080,2026-03-24T12:11:20,R_75,33159.0835
1774365082,2026-03-24T12:11:22,R_75,33143.3515
1774365084,2026-03-24T12:11:24,R_75,33141.0422
1774365086,2026-03-24T12:11:26,R_75,33141.2747
1774365088,2026-03-24T12:11:28,R_75,33126.033
1774365090,2026-03-24T12:11:30,R_75,33115.0019
1774365092,2026-03-24T12:11:32,R_75,33109.3748
1774365094,2026-03-24T12:11:34,R_75,33118.3177
1774365096,2026-03-24T12:11:36,R_75,33124.5776
1774365098,2026-03-24T12:11:38,R_75,33128.9668
1774365100,2026-03-24T12:11:40,R_75,33123.787
1774365102,2026-03-24T12:11:42,R_75,33126.9892
1774365104,2026-03-24T12:11:44,R_75,33125.3356
1774365106,2026-03-24T12:11:46,R_75,33120.6546
1774365108,2026-03-24T12:11:48,R_75,33128.7738
1774365110,2026-03-24T12:11:50,R_75,33127.9933
1774365112,2026-03-24T12:11:52,R_75,33127.5438
1774365114,2026-03-24T12:11:54,R_75,33130.1247
1774365116,2026-03-24T12:11:56,R_75,33122.9457
1774365118,2026-03-24T12:11:58,R_75,33114.5712
1774365120,2026-03-24T12:12:00,R_75,33111.0576
1774365122,2026-03-24T12:12:02,R_75,33116.0819
1774365124,2026-03-24T12:12:04,R_75,33122.1785
1774365126,2026-03-24T12:12:06,R_75,33129.6702
1774365128,2026-03-24T12:12:08,R_75,33134.2594
1774365130,2026-03-24T12:12:10,R_75,33133.2267
1774365132,2026-03-24T12:12:12,R_75,33137.5789
1774365134,2026-03-24T12:12:14,R_75,33137.9011
1774365136,2026-03-24T12:12:16,R_75,33129.7244
1774365138,2026-03-24T12:12:18,R_75,33135.32
1774365140,2026-03-24T12:12:20,R_75,33144.0224
1774365142,2026-03-24T12:12:22,R_75,33146.1459
1774365144,2026-03-24T12:12:24,R_75,33138.8073
1774365146,2026-03-24T12:12:26,R_75,33140.7992
1774365148,2026-03-24T12:12:28,R_75,33134.7564
1774365150,2026-03-24T12:12:30,R_75,33137.6356
1774365152,2026-03-24T12:12:32,R_75,33145.098
1774365154,2026-03-24T12:12:34,R_75,33146.1034
1774365156,2026-03-24T12:12:36,R_75,33154.3387
1774365158,2026-03-24T12:12:38,R_75,33142.6899
1774365160,2026-03-24T12:12:40,R_75,33148.2121
1774365162,2026-03-24T12:12:42,R_75,33138.1589
1774365164,2026-03-24T12:12:44,R_75,33135.6642
1774365166,2026-03-24T12:12:46,R_75,33133.4521
1774365168,2026-03-24T12:12:48,R_75,33132.6714
1774365170,2026-03-24T12:12:50,R_75,33140.0939
1774365172,2026-03-24T12:12:52,R_75,33149.7684
1774365174,2026-03-24T12:12:54,R_75,33141.2281
1774365176,2026-03-24T12:12:56,R_75,33153.1628
1774365178,2026-03-24T12:12:58,R_75,33146.391
1774365180,2026-03-24T12:13:00,R_75,33151.5153
1774365182,2026-03-24T12:13:02,R_75,33155.6158
1774365184,2026-03-24T12:13:04,R_75,33149.778
1774365186,2026-03-24T12:13:06,R_75,33156.4042
1774365188,2026-03-24T12:13:08,R_75,33149.7125
1774365190,2026-03-24T12:13:10,R_75,33143.4032
1774365192,2026-03-24T12:13:12,R_75,33131.518
1774365194,2026-03-24T12:13:14,R_75,33126.4185
1774365196,2026-03-24T12:13:16,R_75,33125.3234
1774365198,2026-03-24T12:13:18,R_75,33119.4501
1774365200,2026-03-24T12:13:20,R_75,33117.7066
1774365202,2026-03-24T12:13:22,R_75,33115.9518
1774365204,2026-03-24T12:13:24,R_75,33116.8379
1774365206,2026-03-24T12:13:26,R_75,33115.4307
1774365208,2026-03-24T12:13:28,R_75,33113.753
1774365210,2026-03-24T12:13:30,R_75,33106.9188
1774365212,2026-03-24T12:13:32,R_75,33097.5968
1774365214,2026-03-24T12:13:34,R_75,33095.9898
1774365216,2026-03-24T12:13:36,R_75,33087.0884
1774365218,2026-03-24T12:13:38,R_75,33088.9203
1774365220,2026-03-24T12:13:40,R_75,33087.0949
1774365222,2026-03-24T12:13:42,R_75,33081.6447
1774365224,2026-03-24T12:13:44,R_75,33082.7454
1774365226,2026-03-24T12:13:46,R_75,33087.8681
1774365228,2026-03-24T12:13:48,R_75,33087.4128
1774365230,2026-03-24T12:13:50,R_75,33084.8513
1774365232,2026-03-24T12:13:52,R_75,33081.2652
1774365236,2026-03-24T12:13:56,R_75,33093.8664
1774365238,2026-03-24T12:13:58,R_75,33107.247
1774365240,2026-03-24T12:14:00,R_75,33105.549
1774365242,2026-03-24T12:14:02,R_75,33094.4606
1774365244,2026-03-24T12:14:04,R_75,33091.3146
1774365246,2026-03-24T12:14:06,R_75,33098.7168
1774365248,2026-03-24T12:14:08,R_75,33098.1602
1774365250,2026-03-24T12:14:10,R_75,33098.9908
1774365252,2026-03-24T12:14:12,R_75,33094.3767
1774365254,2026-03-24T12:14:14,R_75,33089.9661
1774365256,2026-03-24T12:14:16,R_75,33091.6368
1774365258,2026-03-24T12:14:18,R_75,33095.9364
1774365260,2026-03-24T12:14:20,R_75,33084.8243
1774365262,2026-03-24T12:14:22,R_75,33088.7785
1774365264,2026-03-24T12:14:24,R_75,33090.6288
1774365266,2026-03-24T12:14:26,R_75,33094.368
1774365268,2026-03-24T12:14:28,R_75,33091.7889
1774365270,2026-03-24T12:14:30,R_75,33101.4385
1774365272,2026-03-24T12:14:32,R_75,33094.5232
1774365274,2026-03-24T12:14:34,R_75,33095.0373
1774365276,2026-03-24T12:14:36,R_75,33091.3427
1774365278,2026-03-24T12:14:38,R_75,33091.6481
1774365280,2026-03-24T12:14:40,R_75,33100.035
1774365282,2026-03-24T12:14:42,R_75,33102.5521
1774365284,2026-03-24T12:14:44,R_75,33102.3927
1774365286,2026-03-24T12:14:46,R_75,33105.0141
1774365288,2026-03-24T12:14:48,R_75,33104.1345
1774365290,2026-03-24T12:14:50,R_75,33105.3605
1774365292,2026-03-24T12:14:52,R_75,33107.9769
1774365294,2026-03-24T12:14:54,R_75,33096.0798
1774365296,2026-03-24T12:14:56,R_75,33093.1577
1774365298,2026-03-24T12:14:58,R_75,33090.8648
1774365300,2026-03-24T12:15:00,R_75,33096.633
1774365302,2026-03-24T12:15:02,R_75,33104.4791
1774365304,2026-03-24T12:15:04,R_75,33100.2712
1774365306,2026-03-24T12:15:06,R_75,33102.4773
1774365308,2026-03-24T12:15:08,R_75,33103.7278
1774365310,2026-03-24T12:15:10,R_75,33101.9474
1774365312,2026-03-24T12:15:12,R_75,33101.9355
1774365314,2026-03-24T12:15:14,R_75,33099.3804
1774365316,2026-03-24T12:15:16,R_75,33112.712
1774365318,2026-03-24T12:15:18,R_75,33102.7497
1774365320,2026-03-24T12:15:20,R_75,33102.2323
1774365322,2026-03-24T12:15:22,R_75,33101.2705
1774365324,2026-03-24T12:15:24,R_75,33103.5645
1774365326,2026-03-24T12:15:26,R_75,33116.3273
1774365328,2026-03-24T12:15:28,R_75,33111.5844
1774365330,2026-03-24T12:15:30,R_75,33114.7755
1774365332,2026-03-24T12:15:32,R_75,33121.2707
1774365334,2026-03-24T12:15:34,R_75,33117.4607
1774365336,2026-03-24T12:15:36,R_75,33111.0827
1774365338,2026-03-24T12:15:38,R_75,33104.4186
1774365340,2026-03-24T12:15:40,R_75,33105.689
1774365342,2026-03-24T12:15:42,R_75,33110.4105
1774365344,2026-03-24T12:15:44,R_75,33117.5554
1774365346,2026-03-24T12:15:46,R_75,33117.6687
1774365348,2026-03-24T12:15:48,R_75,33126.6787
1774365350,2026-03-24T12:15:50,R_75,33127.6817
1774365352,2026-03-24T12:15:52,R_75,33135.3679
1774365354,2026-03-24T12:15:54,R_75,33128.0973
1774365356,2026-03-24T12:15:56,R_75,33130.1274
1774365358,2026-03-24T12:15:58,R_75,33133.6058
1774365360,2026-03-24T12:16:00,R_75,33140.5212
1774365362,2026-03-24T12:16:02,R_75,33147.2704
1774365364,2026-03-24T12:16:04,R_75,33143.7258
1774365366,2026-03-24T12:16:06,R_75,33133.8198
1774365368,2026-03-24T12:16:08,R_75,33132.6202
1774365370,2026-03-24T12:16:10,R_75,33132.7086
1774365372,2026-03-24T12:16:12,R_75,33131.046
1774365374,2026-03-24T12:16:14,R_75,33131.3243
1774365376,2026-03-24T12:16:16,R_75,33134.9531
1774365378,2026-03-24T12:16:18,R_75,33132.8789
1774365380,2026-03-24T12:16:20,R_75,33137.0617
1774365382,2026-03-24T12:16:22,R_75,33145.0835
1774365384,2026-03-24T12:16:24,R_75,33154.288
1774365386,2026-03-24T12:16:26,R_75,33151.4024
1774365388,2026-03-24T12:16:28,R_75,33146.5637
1774365390,2026-03-24T12:16:30,R_75,33157.0175
1774365392,2026-03-24T12:16:32,R_75,33159.9526
1774365394,2026-03-24T12:16:34,R_75,33163.4698
1774365396,2026-03-24T12:16:36,R_75,33162.7783
1774365398,2026-03-24T12:16:38,R_75,33167.8749
1774365400,2026-03-24T12:16:40,R_75,33169.309
1774365402,2026-03-24T12:16:42,R_75,33163.9931
1774365404,2026-03-24T12:16:44,R_75,33165.5352
1774365406,2026-03-24T12:16:46,R_75,33171.5819
1774365408,2026-03-24T12:16:48,R_75,33172.284
1774365410,2026-03-24T12:16:50,R_75,33172.0372
1774365412,2026-03-24T12:16:52,R_75,33166.1508
1774365414,2026-03-24T12:16:54,R_75,33158.0293
1774365416,2026-03-24T12:16:56,R_75,33145.9815
1774365418,2026-03-24T12:16:58,R_75,33136.8885
1774365420,2026-03-24T12:17:00,R_75,33135.2275
1774365422,2026-03-24T12:17:02,R_75,33125.9002
1774365424,2026-03-24T12:17:04,R_75,33129.709
1774365426,2026-03-24T12:17:06,R_75,33128.4615
1774365428,2026-03-24T12:17:08,R_75,33126.784
1774365430,2026-03-24T12:17:10,R_75,33127.4186
1774365432,2026-03-24T12:17:12,R_75,33129.4963
1774365434,2026-03-24T12:17:14,R_75,33132.8662
1774365436,2026-03-24T12:17:16,R_75,33130.6361
1774365438,2026-03-24T12:17:18,R_75,33138.7238
1774365440,2026-03-24T12:17:20,R_75,33143.9705
1774365442,2026-03-24T12:17:22,R_75,33134.9355
1774365444,2026-03-24T12:17:24,R_75,33128.9843
1774365446,2026-03-24T12:17:26,R_75,33125.7928
1774365448,2026-03-24T12:17:28,R_75,33126.6285
1774365450,2026-03-24T12:17:30,R_75,33133.7546
1774365452,2026-03-24T12:17:32,R_75,33130.3764
1774365454,2026-03-24T12:17:34,R_75,33129.4915
1774365456,2026-03-24T12:17:36,R_75,33115.7334
1774365458,2026-03-24T12:17:38,R_75,33117.8712
1774365460,2026-03-24T12:17:40,R_75,33127.9291
1774365462,2026-03-24T12:17:42,R_75,33128.3983
1774365464,2026-03-24T12:17:44,R_75,33130.1428
1774365466,2026-03-24T12:17:46,R_75,33130.0349
1774365468,2026-03-24T12:17:48,R_75,33120.4159
1774365470,2026-03-24T12:17:50,R_75,33122.8988
1774365472,2026-03-24T12:17:52,R_75,33131.7366
1774365474,2026-03-24T12:17:54,R_75,33116.7449
1774365476,2026-03-24T12:17:56,R_75,33105.1644
1774365478,2026-03-24T12:17:58,R_75,33099.1591
1774365480,2026-03-24T12:18:00,R_75,33102.1534
1774365482,2026-03-24T12:18:02,R_75,33103.7045
1774365484,2026-03-24T12:18:04,R_75,33111.4589
1774365486,2026-03-24T12:18:06,R_75,33112.9532
1774365488,2026-03-24T12:18:08,R_75,33114.9858
1774365490,2026-03-24T12:18:10,R_75,33116.8078
1774365492,2026-03-24T12:18:12,R_75,33109.6245
1774365494,2026-03-24T12:18:14,R_75,33114.2004
1774365496,2026-03-24T12:18:16,R_75,33130.0122
1774365498,2026-03-24T12:18:18,R_75,33127.0973
1774365500,2026-03-24T12:18:20,R_75,33124.4788
1774365502,2026-03-24T12:18:22,R_75,33118.8053
1774365504,2026-03-24T12:18:24,R_75,33125.3818
1774365506,2026-03-24T12:18:26,R_75,33126.7174
1774365508,2026-03-24T12:18:28,R_75,33137.8598
1774365510,2026-03-24T12:18:30,R_75,33146.2513
1774365512,2026-03-24T12:18:32,R_75,33147.5576
1774365514,2026-03-24T12:18:34,R_75,33145.2469
1774365516,2026-03-24T12:18:36,R_75,33132.5541
1774365518,2026-03-24T12:18:38,R_75,33122.1991
1774365520,2026-03-24T12:18:40,R_75,33129.3182
1774365522,2026-03-24T12:18:42,R_75,33140.4744
1774365524,2026-03-24T12:18:44,R_75,33138.5248
1774365526,2026-03-24T12:18:46,R_75,33147.2583
1774365528,2026-03-24T12:18:48,R_75,33140.3949
1774365530,2026-03-24T12:18:50,R_75,33131.6259
1774365532,2026-03-24T12:18:52,R_75,33130.3204
1774365534,2026-03-24T12:18:54,R_75,33128.3877
1774365536,2026-03-24T12:18:56,R_75,33126.4297
1774365538,2026-03-24T12:18:58,R_75,33122.8975
1774365540,2026-03-24T12:19:00,R_75,33124.211
1774365542,2026-03-24T12:19:02,R_75,33131.1429
1774365544,2026-03-24T12:19:04,R_75,33131.7551
1774365546,2026-03-24T12:19:06,R_75,33130.7681
1774365548,2026-03-24T12:19:08,R_75,33144.0228
1774365550,2026-03-24T12:19:10,R_75,33136.849
1774365552,2026-03-24T12:19:12,R_75,33141.4138
1774365554,2026-03-24T12:19:14,R_75,33146.8425
1774365556,2026-03-24T12:19:16,R_75,33153.8828
1774365558,2026-03-24T12:19:18,R_75,33162.5446
1774365560,2026-03-24T12:19:20,R_75,33153.9954
1774365562,2026-03-24T12:19:22,R_75,33159.1889
1774365564,2026-03-24T12:19:24,R_75,33164.5854
1774365566,2026-03-24T12:19:26,R_75,33167.4384
1774365568,2026-03-24T12:19:28,R_75,33160.8068
1774365570,2026-03-24T12:19:30,R_75,33161.0907
1774365572,2026-03-24T12:19:32,R_75,33167.1728
1774365574,2026-03-24T12:19:34,R_75,33169.5595
1774365576,2026-03-24T12:19:36,R_75,33166.3609
1774365578,2026-03-24T12:19:38,R_75,33164.1062
1774365580,2026-03-24T12:19:40,R_75,33164.3791
1774365582,2026-03-24T12:19:42,R_75,33163.2965
1774365584,2026-03-24T12:19:44,R_75,33163.8248
1774365586,2026-03-24T12:19:46,R_75,33163.3058
1774365588,2026-03-24T12:19:48,R_75,33163.7906
1774365590,2026-03-24T12:19:50,R_75,33165.2709
1774365592,2026-03-24T12:19:52,R_75,33164.6001
1774365594,2026-03-24T12:19:54,R_75,33158.8836
1774365596,2026-03-24T12:19:56,R_75,33156.7351
1774365598,2026-03-24T12:19:58,R_75,33156.946
1774365600,2026-03-24T12:20:00,R_75,33145.8346
1774365602,2026-03-24T12:20:02,R_75,33128.6012
1774365604,2026-03-24T12:20:04,R_75,33128.5717
1774365606,2026-03-24T12:20:06,R_75,33130.9266
1774365608,2026-03-24T12:20:08,R_75,33129.5703
1774365610,2026-03-24T12:20:10,R_75,33133.7142
1774365612,2026-03-24T12:20:12,R_75,33129.7934
1774365614,2026-03-24T12:20:14,R_75,33120.955
1774365616,2026-03-24T12:20:16,R_75,33114.2692
1774365618,2026-03-24T12:20:18,R_75,33111.2523
1774365620,2026-03-24T12:20:20,R_75,33110.5611
1774365622,2026-03-24T12:20:22,R_75,33103.9078
1774365624,2026-03-24T12:20:24,R_75,33114.5695
1774365626,2026-03-24T12:20:26,R_75,33115.8735
1774365628,2026-03-24T12:20:28,R_75,33112.99
1774365630,2026-03-24T12:20:30,R_75,33105.5776
1774365632,2026-03-24T12:20:32,R_75,33107.8353
1774365634,2026-03-24T12:20:34,R_75,33108.7283
1774365636,2026-03-24T12:20:36,R_75,33104.1514
1774402972,2026-03-24T22:42:52,1HZ50V,295974.53
1774402973,2026-03-24T22:42:53,1HZ50V,295944.95
1774402974,2026-03-24T22:42:54,1HZ50V,295944.01
1774402975,2026-03-24T22:42:55,1HZ50V,295905.88
1774402976,2026-03-24T22:42:56,1HZ50V,295886.93
1774402977,2026-03-24T22:42:57,1HZ50V,295892.67
1774402978,2026-03-24T22:42:58,1HZ50V,295903.3
1774402979,2026-03-24T22:42:59,1HZ50V,295882.8
1774402980,2026-03-24T22:43:00,1HZ50V,295882.65
1774402981,2026-03-24T22:43:01,1HZ50V,295830.76
1774402982,2026-03-24T22:43:02,1HZ50V,295818.87
1774402983,2026-03-24T22:43:03,1HZ50V,295805.4
1774402984,2026-03-24T22:43:04,1HZ50V,295802.39
1774402985,2026-03-24T22:43:05,1HZ50V,295774.9
1774402986,2026-03-24T22:43:06,1HZ50V,295781.12
1774402987,2026-03-24T22:43:07,1HZ50V,295762.92
1774402988,2026-03-24T22:43:08,1HZ50V,295797.41
1774402989,2026-03-24T22:43:09,1HZ50V,295804.62
1774402990,2026-03-24T22:43:10,1HZ50V,295783.73
1774402991,2026-03-24T22:43:11,1HZ50V,295801.26
1774402992,2026-03-24T22:43:12,1HZ50V,295771.42
1774402993,2026-03-24T22:43:13,1HZ50V,295754.24
1774402994,2026-03-24T22:43:14,1HZ50V,295762.29
1774402995,2026-03-24T22:43:15,1HZ50V,295786.59
1774402996,2026-03-24T22:43:16,1HZ50V,295790.47
1774402997,2026-03-24T22:43:17,1HZ50V,295787.5
1774402998,2026-03-24T22:43:18,1HZ50V,295793.07
1774402999,2026-03-24T22:43:19,1HZ50V,295744.08
1774403000,2026-03-24T22:43:20,1HZ50V,295749.36
